Div,Cls,Div/Class Description,Sid Item,MFG Item,Item Description,BinLoc,Stat,Rank,UOM,AVG. Cst,O/H Qty,O/H $,P/O Qty,P/O $,B/O Qty,B/O $,COMM Qty,COMM $,Avail Qty,Avail $,Futr Qty,Futr $,SYTD Qty,SYTD $,LOC#,WEIGHT,Tot YTDS,Oth Uom,85STK,
10,26,Flue  Metal Pipe & Fittings,10-30-302,10-30-302,"ELBOW,90,ADJ,10"",30 GAUGE",NWW4,   A,   A,EA,6.4909,124,804.87,,,,,,,124,804.87,,,36,302.36,35,2.4,32,EA,  N,
10,26,Flue  Metal Pipe & Fittings,10-310H,10-310H,"10"" GALV CAP W/ HANDLE -",NWA2C,   A,   A,EA,9.2254,17,156.83,,,,,,,17,156.83,,,16,244.89,35,0.88,10,EA,  N,
10,26,Flue  Metal Pipe & Fittings,10-313FGH,10-313FGH,"10"" GALV COLLAR 6""LONG W/ CRIM",NWA1B,   A,   A,EA,2.4615,78,191.99,,,,,,,78,191.99,,,18,53.02,35,0.82,18,EA,  N,
10,26,Flue  Metal Pipe & Fittings,10-313SE,10-313SE,"10"" GALV COLLAR W/ CRIMP",NWA1C,   A,   B,EA,2.6046,43,111.99,,,,,,,43,111.99,,,2,7.2,35,0.37,2,EA,  N,
10,26,Flue  Metal Pipe & Fittings,12-30-302,12-30-302,"ELBOW,90,ADJ,12"",30 GAUGE",NWW4,   A,   A,EA,8.2261,45,370.17,,,,,2,16.45,43,353.72,,,12,135.48,35,3.86,12,EA,  N,
10,26,Flue  Metal Pipe & Fittings,12-310H,12-310H,"12"" GALV CAP W/ HANDLE -",NWA2C,   A,   C,EA,10.253,7,71.77,,,12,123.03,,,7,71.77,,,13,191.49,35,1.14,13,EA,  N,
10,26,Flue  Metal Pipe & Fittings,12-313FGH,12-313FGH,"12"" GALV COLLAR 6""LONG W/ CRIM",NWA1A,   A,   B,EA,2.8445,6,17.06,32,91.02,8,22.75,,,6,17.06,,,38,134.66,35,0.98,38,EA,  N,
10,26,Flue  Metal Pipe & Fittings,12-313SE,12-313SE,"12"" GALV COLLAR W/ CRIMP",NWA1C,   A,   D,EA,3.21,44,141.24,,,,,,,44,141.24,,,3,13.53,35,0.5,3,EA,  N,
10,26,Flue  Metal Pipe & Fittings,14-310H,14-310H,"14"" GALV CAP W/ HANDLE -",NWA2D,   A,   E,EA,11.41,2,22.82,,,12,136.92,,,2,22.82,,,9,154.79,35,1.41,9,EA,  N,
10,26,Flue  Metal Pipe & Fittings,14-313FGH,14-313FGH,"14"" GALV COLLAR 6""LONG W/ CRIM",NWA1A,   A,   A,EA,3.199,30,95.97,,,,,1,3.19,29,92.77,,,27,112.65,35,1.16,27,EA,  N,
10,26,Flue  Metal Pipe & Fittings,16-313FGH,16-313FGH,"16"" GALV COLLAR 6"" LONG",NWA1A,   A,   A,EA,4.4051,10,44.05,50,220.25,10,44.05,,,10,44.05,,,34,187.15,35,1.33,34,EA,  N,
10,26,Flue  Metal Pipe & Fittings,16X14-311P,16X14-311P,"REDUCER,PLAIN,GALV,16X14",NWA6C,   A,   E,EA,13.28,6,79.68,,,12,159.36,,,6,79.68,,,,,35,3,,EA,  N,
10,26,Flue  Metal Pipe & Fittings,18-313FGH,18-313FGH,"18"" GALV COLLAR 6"" LONG",NWA1A,   A,   B,EA,4.8539,7,33.97,40,194.15,16,77.66,,,7,33.97,,,49,287.51,35,1.49,49,EA,  N,
10,26,Flue  Metal Pipe & Fittings,20-313FGH,20-313FGH,"20"" GALV COLLAR 6"" LONG",NWA1A,   A,   E,EA,5.6768,10,56.76,,,,,,,10,56.76,,,2,16.18,35,1.6,2,EA,  N,
10,26,Flue  Metal Pipe & Fittings,3-30-302,3-30-302,"3"" 30GA GALV 90* ADJ ELBOW",NWW4,   A,   E,EA,1.85,36,66.6,,,,,,,36,66.6,,,,,35,0.28,,EA,  N,
10,26,Flue  Metal Pipe & Fittings,3-310,3-310,"CAP,ROUND,NO-CRIMP,3""",NWA2C,   A,   E,EA,4.24,12,50.88,,,,,,,12,50.88,,,,,35,0.14,,EA,  N,
10,26,Flue  Metal Pipe & Fittings,4-30-301,4-30-301,"PIPE,RND,SNAPLOCK,4""X60"",30GA",NWW6,   A,   A,EA,5.6977,219,1247.79,,,,,15,85.46,204,1162.33,,,21,161.31,35,2.93,21,EA,  N,
10,26,Flue  Metal Pipe & Fittings,4-304-15,4-304-15,"TEE,4""X15"",26GAUGE",NWW4,   A,   E,EA,10.83,12,129.96,,,,,,,12,129.96,,,,,35,1.29,,EA,  N,
10,26,Flue  Metal Pipe & Fittings,4-310,4-310,"CAP,ROUND,NO-CRIMP,4""",NWA2C,   A,   A,EA,4.5451,10,45.45,,,,,,,10,45.45,,,1,7.85,35,0.19,1,EA,  N,
10,26,Flue  Metal Pipe & Fittings,4-313FGH,4-313FGH,"4"" GALV COLLAR 6"" LONG W/ CRIM",NWA1B,   A,   B,EA,1.8045,66,119.09,,,,,,,66,119.09,,,36,76.68,35,0.37,36,EA,  N,
10,26,Flue  Metal Pipe & Fittings,4-313SE,4-313SE,"4"" GALV COLLAR W/ CRIMP",NWA1C,   A,   B,EA,1.4261,117,166.85,,,,,,,117,166.85,,,48,80.16,35,0.12,48,EA,  N,
10,26,Flue  Metal Pipe & Fittings,5-30-301,5-30-301,"PIPE,RND,SNAPLOCK,5""X60"",30GA",NWW6,   A,   A,EA,5.6736,152,862.38,,,,,,,152,862.38,,,2,15.86,35,3.61,2,EA,  N,
10,26,Flue  Metal Pipe & Fittings,5-30-302,5-30-302,"ELBOW,90,ADJ,5"",30 GAUGE",NWW4,   A,   A,EA,1.8533,207,383.63,,,,,,,207,383.63,,,7,18.15,35,0.62,7,EA,  N,
10,26,Flue  Metal Pipe & Fittings,5-304-15,5-304-15,"TEE,5"",26GAUGE,15"" LONG",NWW4,   A,   E,EA,13.9,12,166.8,,,,,,,12,166.8,,,,,35,1.5,,EA,  N,
10,26,Flue  Metal Pipe & Fittings,5-310H,5-310H,"5"" GALV CAP W/ HANDLE -",NWA2C,   A,   E,EA,5.71,12,68.52,,,,,,,12,68.52,,,,,35,0.46,,EA,  N,
10,26,Flue  Metal Pipe & Fittings,5-313FGH,5-313FGH,"5"" GALV COLLAR 6"" LONG W/ CRIM",NWA1B,   A,   B,EA,1.87,52,97.24,,,,,,,52,97.24,,,,,35,0.43,,EA,  N,
10,26,Flue  Metal Pipe & Fittings,5-313SE,5-313SE,"5"" GALV COLLAR W/ CRIMP",NWA1C,   A,   A,EA,1.4299,123,175.87,,,,,,,123,175.87,,,64,107.94,35,0.18,64,EA,  N,
10,26,Flue  Metal Pipe & Fittings,5-500-0,5-500-0,"PIPE,OVAL,5""X60""",NWW6,   A,   B,EA,9.6032,37,355.31,,,,,,,37,355.31,,,,,35,3.36,,EA,  N,
10,26,Flue  Metal Pipe & Fittings,5-502-0,5-502-0,"ELBOW,90,VERT,OVAL,5""",NWA4A,   A,   B,EA,2.8303,40,113.21,,,,,,,40,113.21,,,4,15.84,35,0.75,4,EA,  N,
10,26,Flue  Metal Pipe & Fittings,5-502-0F,5-502-0F,"ELBOW,OVAL,90DEG,FLAT,5""",NWA4D,   A,   E,EA,4.72,21,99.12,,,,,,,21,99.12,,,1,6.99,35,0.69,1,EA,  N,
10,26,Flue  Metal Pipe & Fittings,5-503-0,5-503-0,"ELBOW,OVAL,45 DEG VERT,5""",NWA4B,   A,   B,EA,2.5669,34,87.27,,,,,,,34,87.27,,,2,7.1,35,0.5,2,EA,  N,
10,26,Flue  Metal Pipe & Fittings,5-513FG,5-513FG,"5"" OVAL COLLAR 6""LONG W/ CRIMP",NWA4B,   A,   E,EA,2.52,12,30.24,,,,,,,12,30.24,,,,,35,0.43,,EA,  N,
10,26,Flue  Metal Pipe & Fittings,5X4-311P,5X4-311P,5X4 GALVANIZED PLAIN REDUCER,NWA6A,   A,   A,EA,4.462,44,196.32,,,,,,,44,196.32,,,49,273.24,35,0.54,49,EA,  N,
10,26,Flue  Metal Pipe & Fittings,5X5X4-306,5X5X4-306,"WYE,FLUE,5X5X4",NWA3C,   A,   B,EA,18.0977,8,144.78,,,,,,,8,144.78,,,4,133.2,35,1.53,5,EA,,
10,26,Flue  Metal Pipe & Fittings,516C,60-324,"DUCT,S-STRIP,60""",,   A,   E,EA,1.1596,,,,,,,,,,,,,,,35,0,60,EA,  N,
10,26,Flue  Metal Pipe & Fittings,6-26-301,6-26-301,"PIPE,RND,SNAPLOCK,6""X60"",26GA",,   A,   E,EA,7.7104,,,,,,,,,,,,,,,35,6.45,3,EA,,
10,26,Flue  Metal Pipe & Fittings,6-30-301,6-30-301,"6"" 30GA 60"" GALV PIPE - UNBOXE",NWW6,   A,   A,EA,5.7044,386,2201.89,,,,,,,386,2201.89,,,97,761.43,35,4.33,96,EA,  N,
10,26,Flue  Metal Pipe & Fittings,6-30-302,6-30-302,"ELBOW,SMOKE,30GA, 6""",NWW4,   A,   A,EA,1.9093,824,1573.26,,,,,,,824,1573.26,,,572,1345.26,35,0.74,572,EA,  N,
10,26,Flue  Metal Pipe & Fittings,6-304-15,6-304-15,"TEE,6"",26GAUGE,15"" LONG",NWW4,   A,   E,EA,12.37,12,148.44,,,,,,,12,148.44,,,,,35,1.79,,EA,  N,
10,26,Flue  Metal Pipe & Fittings,6-310H,6-310H,"6"" GALV CAP W/ HANDLE -",NWA2C,   A,   E,EA,5.71,10,57.1,12,68.52,,,,,10,57.1,,,2,18.12,35,0.54,2,EA,  N,
10,26,Flue  Metal Pipe & Fittings,6-313FGH,6-313FGH,"6"" GALV COLLAR 6"" LONG W/ CRIM",NWA1B,   A,   A,EA,1.3583,120,162.99,,,,,,,120,162.99,,,43,69.81,35,0.51,43,EA,  N,
10,26,Flue  Metal Pipe & Fittings,6-313SE,6-313SE,"6"" GALV COLLAR W/ CRIMP",NWA1C,   A,   A,EA,1.5491,224,346.99,,,,,,,224,346.99,,,2,4.16,35,0.18,2,EA,  N,
10,26,Flue  Metal Pipe & Fittings,6-501-0,6-501-0,"6"" X 100"" OVAL PIPE",NWW6,   A,   A,EA,10.57,102,1078.14,,,,,1,10.57,101,1067.57,,,82,1190.2,35,6.75,82,EA,  N,
10,26,Flue  Metal Pipe & Fittings,6-502-0,6-502-0,"ELBOW,90,VERT,OVAL,6""",NWA4A,   A,   A,EA,2.8726,53,152.24,,,,,,,53,152.24,,,37,131.4,35,1.14,37,EA,  N,
10,26,Flue  Metal Pipe & Fittings,6-502-0F,6-502-0F,"6"" FLAT OVAL ELBOW",NWA4D,   A,   B,EA,3.7037,18,66.66,,,,,,,18,66.66,,,12,71.64,35,1,12,EA,  N,
10,26,Flue  Metal Pipe & Fittings,6-503-0,6-503-0,"6"" VERTICAL OVAL ANGLE",NWA4B,   A,   A,EA,2.7444,49,134.47,,,,,,,49,134.47,,,12,44.28,35,0.56,12,EA,  N,
10,26,Flue  Metal Pipe & Fittings,6-513FG,6-513FG,"6"" OVAL COLLAR 6""LONG W/ CRIMP",NWA4B,   A,   C,EA,2.4511,,,24,58.82,17,41.66,,,,,,,7,22.26,35,0.51,7,EA,  N,
10,26,Flue  Metal Pipe & Fittings,6X5-311P,6X5-311P,6X5 GALVANIZED PLAIN REDUCER,NWA6A,   A,   A,EA,4.8472,43,208.42,,,,,,,43,208.42,,,36,209.16,35,0.64,36,EA,  N,
10,26,Flue  Metal Pipe & Fittings,6X6X4-306,6X6X4-306,"WYE,FLUE,6X6X4",NWA3C,   A,   B,EA,20.072,16,321.15,,,,,,,16,321.15,,,1,34.67,35,1.17,2,EA,,
10,26,Flue  Metal Pipe & Fittings,7-26-301,7-26-301,"PIPE,RND,SNAPLOCK,7X60,26GA,BL",,   A,   E,EA,8.48,,,,,,,,,,,,,,,35,7.2,,EA,,
10,26,Flue  Metal Pipe & Fittings,7-30-301,7-30-301,"7"" 30GA 60"" GALV PIPE",NWW6,   A,   A,EA,7.44,219,1629.36,,,,,25,186,194,1443.36,,,7,85.55,35,4.94,7,EA,  N,
10,26,Flue  Metal Pipe & Fittings,7-30-302,7-30-302,"7"" 30GA GALV 90* ADJ ELBOW",NWW4,   A,   A,EA,2.4224,668,1618.16,,,,,12,29.06,656,1589.09,,,223,683.46,35,1.16,211,EA,  N,
10,26,Flue  Metal Pipe & Fittings,7-304-15,7-304-15,"7"" GALV PIPE STYLE TEE",NWW4,   A,   E,EA,14.55,10,145.5,,,,,,,10,145.5,,,,,35,2.11,,EA,  N,
10,26,Flue  Metal Pipe & Fittings,7-310H,7-310H,"7"" GALV CAP W/ HANDLE -",NWA2C,   A,   E,EA,6.05,10,60.5,12,72.6,,,,,10,60.5,,,2,19.2,35,0.64,2,EA,  N,
10,26,Flue  Metal Pipe & Fittings,7-313FGH,7-313FGH,"7"" GALV COLLAR 6"" LONG W/ CRIM",NWA1B,   A,   B,EA,1.7545,85,149.13,,,,,,,85,149.13,,,18,36.9,35,0.6,18,EA,  N,
10,26,Flue  Metal Pipe & Fittings,7-313SE,7-313SE,"7"" GALV COLLAR W/ CRIMP",NWA1C,   A,   A,EA,1.7326,140,242.56,,,,,,,140,242.56,,,1,2.33,35,0.25,1,EA,  N,
10,26,Flue  Metal Pipe & Fittings,7-501-0,7-501-0,"PIPE,OVAL,7""X100""",NWW6,   A,   A,EA,13.9158,174,2421.34,,,,,8,111.32,166,2310.02,,,25,517.71,35,8.06,25,EA,  N,
10,26,Flue  Metal Pipe & Fittings,7-502-0,7-502-0,"ELBOW,OVAL,VERT,90,7""",NWA4A,   A,   A,EA,3.4842,76,264.79,,,,,,,76,264.79,,,10,48.1,35,1.19,10,EA,  N,
10,26,Flue  Metal Pipe & Fittings,7-503-0,7-503-0,"ELBOW,OVAL,45 DEG VERT,7""",NWA4B,   A,   A,EA,3.5274,72,253.97,,,,,,,72,253.97,,,2,9.66,35,0.75,2,EA,  N,
10,26,Flue  Metal Pipe & Fittings,7-513FG,7-513FG,"7"" OVAL COLLAR 6""LONG W/ CRIMP",NWA4B,   A,   C,EA,2.123,,,24,50.95,17,36.09,,,,,,,7,19.25,35,0.6,7,EA,  N,
10,26,Flue  Metal Pipe & Fittings,8-26-300,8-26-300,"PIPE,RND,SNAPLOCK,8""X24"",26GA",,   A,   E,EA,3.81,,,,,,,,,,,,,,,35,3.38,,EA,,
10,26,Flue  Metal Pipe & Fittings,8-30-301,8-30-301,"8"" 30GA 60"" GALV PIPE",NWW6,   A,   A,EA,8.4155,158,1329.64,,,,,,,158,1329.64,,,55,644.85,35,5.52,55,EA,  N,
10,26,Flue  Metal Pipe & Fittings,8-30-302,8-30-302,"8"" 30GA GALV 90* ADJ ELBOW",NWW4,   A,   A,EA,2.8772,33,94.94,,,,,,,33,94.94,,,175,619.43,35,1.53,175,EA,  N,
10,26,Flue  Metal Pipe & Fittings,8-304-15,8-304-15,"TEE,8"",26GAUGE,15"" LONG",NWW4,   A,   D,EA,14.63,9,131.67,,,,,,,9,131.67,,,,,35,2.48,,EA,  N,
10,26,Flue  Metal Pipe & Fittings,8-310H,8-310H,"8"" GALV CAP W/ HANDLE -",NWA2C,   A,   C,EA,6.52,19,123.88,,,,,1,6.52,18,117.36,,,4,42.96,35,0.75,4,EA,  N,
10,26,Flue  Metal Pipe & Fittings,8-313FGH,8-313FGH,"8"" GALV COLLAR 6""LONG W/ CRIMP",NWA1B,   A,   A,EA,1.834,47,86.19,16,29.34,,,,,47,86.19,,,60,146.42,35,0.7,60,EA,  N,
10,26,Flue  Metal Pipe & Fittings,8-313SE,8-313SE,"8"" GALV COLLAR W/ CRIMP",NWA1C,   A,   A,EA,1.8869,122,230.2,,,,,,,122,230.2,,,12,27.24,35,0.25,12,EA,  N,
10,26,Flue  Metal Pipe & Fittings,8-513FG,8-513FG,"8"" OVAL COLLAR 6""LONG W/ CRIMP",NWA4B,   A,   D,EA,2.82,9,25.38,,,,,,,9,25.38,,,,,35,0.7,,EA,  N,
10,26,Flue  Metal Pipe & Fittings,8X6-311P,8X6-311P,8X6 GALVANIZED PLAIN REDUCER,NWA6B,   A,   B,EA,5.2619,20,105.23,,,,,,,20,105.23,,,,,35,0.84,,EA,  N,
10,26,Flue  Metal Pipe & Fittings,8X7-311P,8X7-311P,8X7 GALVANIZED PLAIN REDUCER,NWA6B,   A,   A,EA,5.3268,12,63.92,,,,,,,12,63.92,,,48,308.16,35,0.91,48,EA,  N,
10,28,"Sheet  Metal, Prefab. Duct",1X120-U-CHANNEL,1X120-U-CHANNEL,"1X1X1 120"" 26GA U CHANNEL",NWW6,   A,   E,EA,10.86,10,108.6,,,,,,,10,108.6,,,,,35,2,,EA,  N,
10,28,"Sheet  Metal, Prefab. Duct",1X2X120UCHANNEL,1X2X120UCHANNEL,"1X2X1 26GA 120"" U CHANNEL",NWW6,   A,   E,EA,12.85,10,128.5,,,,,,,10,128.5,,,,,35,2.5,,EA,  N,
10,28,"Sheet  Metal, Prefab. Duct",10-30-301,10-30-301,"PIPE,RND,SNAPLOCK,10""X60"",30GA",NWW6,   A,   A,EA,13.4589,56,753.69,,,,,,,56,753.69,,,24,439.02,35,6.8,24,EA,  N,
10,28,"Sheet  Metal, Prefab. Duct",10-314D,10-314D,"10"" RND DAMPER W/ DOUBLE QUAD",NWW6,   A,   E,EA,4.66,25,116.5,,,,,,,25,116.5,,,,,35,0.67,,EA,  N,
10,28,"Sheet  Metal, Prefab. Duct",10-400A,10-400A,"TAKEOFF,AIRTITE,FLAT,10""",NWA1D,   A,   B,EA,8.5152,8,68.12,36,306.54,,,,,8,68.12,,,16,174.04,35,1.43,33,EA,  N,
10,28,"Sheet  Metal, Prefab. Duct",10-400AD,10-400AD,"TAKEOFF,AIRTITE,FLAT,W/DAMP,10",NWA1A,   A,   B,EA,11.4636,28,320.98,,,,,,,28,320.98,,,10,141.1,35,1.89,10,EA,  N,
10,28,"Sheet  Metal, Prefab. Duct",10-406AD,10-406AD,"10"" RND ADH SADDLE STYLE",NWA1C,   A,   C,EA,14.4417,19,274.39,,,,,,,19,274.39,,,2,37.58,35,2.08,2,EA,  N,
10,28,"Sheet  Metal, Prefab. Duct",10-801,10-801,"ALUM FLEX 10"" X 8' LG",,   A,   C,EA,21.6932,4,86.77,,,,,,,4,86.77,,,,,35,0,,EA,,
10,28,"Sheet  Metal, Prefab. Duct",10X10-120SD-ND,10X10-120SD-ND,10X10 S/D SW TRUNK ELBOW-SQ TH,NWA5A,   A,   B,EA,17.011,9,153.09,,,,,,,9,153.09,,,1,27.97,35,3.04,1,EA,  N,
10,28,"Sheet  Metal, Prefab. Duct",10X10-121SD-ND,10X10-121SD-ND,10X10 S/D SW TRUNK ANGLE-SQR,NWA5C,   A,   C,EA,14.0192,4,56.07,,,,,,,4,56.07,,,,,35,1.89,,EA,  N,
10,28,"Sheet  Metal, Prefab. Duct",10X10-141SD,10X10-141SD,"10X10,S/D,STRAIGHT.START",NWA6C,   A,   E,EA,6.86,5,34.3,,,,,,,5,34.3,,,,,35,1.12,,EA,  N,
10,28,"Sheet  Metal, Prefab. Duct",10X10-187SETSD,10X10-187SETSD,10X10 S/D SET-IN CAP,NWA6B,   A,   C,EA,3.91,10,39.1,10,39.1,,,,,10,39.1,,,6,39.95,35,0.73,6,EA,  N,
10,28,"Sheet  Metal, Prefab. Duct",10X10-70,10X10-70,10X10 S/D DUCT TO DUCT CANVAS,NWA6D,   A,   E,EA,19.51,2,39.02,2,39.02,,,2,39.02,,,,,,,35,1.39,,EA,  N,
10,28,"Sheet  Metal, Prefab. Duct",10X10X10-306ST,10X10X10-306ST,10X10X10 FLUE WYE - PIPE STYLE,NWW6,   A,   E,EA,39.78,2,79.56,,,,,,,2,79.56,,,,,35,5.02,,EA,  N,
10,28,"Sheet  Metal, Prefab. Duct",10X10X10-320S,10X10X10-320S,"10X10X10,#320S,SIDE,OUTLET,BOX",NWA2B,   A,   E,EA,11.27,6,67.62,,,,,,,6,67.62,,,,,35,2.29,,EA,  N,
10,28,"Sheet  Metal, Prefab. Duct",10X10X10-320T,10X10X10-320T,"10X10X10,#320T,TOP,OUTLET",NWA2A,   A,   C,EA,11.854,13,154.1,,,,,,,13,154.1,,,1,15.38,35,1.72,1,EA,  N,
10,28,"Sheet  Metal, Prefab. Duct",10X10X12-320NO,10X10X12=320NO,"BLANK BOX 10X10 12"" DEEP",,   A,   B,EA,17.6016,,,,,12,211.21,,,,,,,12,266.88,35,0,12,EA,,
10,28,"Sheet  Metal, Prefab. Duct",10X10X6-320S,10X10X6-320S,"10X10X6,#320,SIDE,OUTLET,BOX",NWA2B,   A,   E,EA,11.7,12,140.4,,,,,,,12,140.4,,,,,35,1.74,,EA,  N,
10,28,"Sheet  Metal, Prefab. Duct",10X10X6-320T,10X10X6-320T,"10X10X6,#320T,TOP,DIFFUSER,BOX",NWA2A,   A,   B,EA,12.2651,12,147.18,,,,,,,12,147.18,,,,,35,1.74,,EA,  N,
10,28,"Sheet  Metal, Prefab. Duct",10X10X60-125S50,10X10X60-125S50,"10X10 60"" UNBOXED S/D",NWW6,   A,   A,EA,19.21,30,576.3,50,960.5,,,,,30,576.3,,,24,721.33,35,14,24,EA,  N,
10,28,"Sheet  Metal, Prefab. Duct",10X10X7-320S,10X10X7-320S,"10X10X7,#320S,SIDE,OUTLET,BOX",NWA2B,   A,   E,EA,11.27,13,146.51,,,,,,,13,146.51,,,,,35,1.74,,EA,  N,
10,28,"Sheet  Metal, Prefab. Duct",10X10X7-320T,10X10X7-320T,"10X10X7,#320,TOP,DIFFUSER,BOX",NWA2A,   A,   B,EA,11.1554,24,267.72,,,,,,,24,267.72,,,,,35,1.74,,EA,  N,
10,28,"Sheet  Metal, Prefab. Duct",10X10X7-532S,10X10X7-532S,"10X10X7 OVAL SO BOX- 9"" COLLAR",NWA4D,   A,   B,EA,13.2205,18,237.96,,,,,,,18,237.96,,,,,35,1.75,,EA,  N,
10,28,"Sheet  Metal, Prefab. Duct",10X10X8-320S,10X10X8-320S,"10X10X8,#320S,SIDE,OUTLET,BOX",NWA2B,   A,   E,EA,11.27,12,135.24,,,,,,,12,135.24,,,,,35,2.96,,EA,  N,
10,28,"Sheet  Metal, Prefab. Duct",10X10X8-320T,10X10X8-320T,"10X10X8,#320T,TOP,CEILING,BOX",NWA2A,   A,   A,EA,11.2709,15,169.06,12,135.25,,,1,11.27,14,157.79,,,2,38.74,35,1.8,2,EA,  N,
10,28,"Sheet  Metal, Prefab. Duct",10X4X4-110R,10X4X4-110R,"DUCT,BOOT,STR,4X10X4",NWA3B,   A,   C,EA,4.6056,18,82.9,,,,,,,18,82.9,,,1,6.57,35,0.71,1,EA,  N,
10,28,"Sheet  Metal, Prefab. Duct",10X4X4-112R,10X4X4-112R,10X4X4 END REGISTER BOOT,NWA3C,   A,   E,EA,4.4973,18,80.95,,,,,,,18,80.95,,,,,35,0.77,,EA,  N,
10,28,"Sheet  Metal, Prefab. Duct",10X4X4-113R,10X4X4-113R,10X4X4 90* REGISTER BOOT,NWA3A,   A,   B,EA,5.0419,30,151.25,,,,,,,30,151.25,,,,,35,0.79,,EA,  N,
10,28,"Sheet  Metal, Prefab. Duct",10X4X5-110R,10X4X5-110R,10 X 4 X 5  STRAIGHT REGISTER,NWA3B,   A,   D,EA,3.78,22,83.16,12,45.36,,,,,22,83.16,,,2,14.46,35,0.87,2,EA,  N,
10,28,"Sheet  Metal, Prefab. Duct",10X4X5-112R,10X4X5-112R,10X4X5 END REGISTER BOOT,NWA3C,   A,   B,EA,3.0279,43,130.19,,,,,,,43,130.19,,,,,35,0.81,,EA,  N,
10,28,"Sheet  Metal, Prefab. Duct",10X4X5-113R,10X4X5-113R,10X4X5 90* REGISTER BOOT,NWA3A,   A,   B,EA,3.8491,34,130.86,,,,,,,34,130.86,,,,,35,0.9,,EA,  N,
10,28,"Sheet  Metal, Prefab. Duct",10X4X6-110R,10X4X6-110R,"DUCT,BOOT,STR,4X10X6",NWA3B,   A,   A,EA,4.0126,33,132.41,,,,,,,33,132.41,,,15,80.18,35,1,15,EA,  N,
10,28,"Sheet  Metal, Prefab. Duct",10X4X6-112R,10X4X6-112R,10X4X6 END REGISTER BOOT,NWA3C,   A,   B,EA,4.124,41,169.08,,,,,,,41,169.08,,,1,5.6,35,1.1,1,EA,  N,
10,28,"Sheet  Metal, Prefab. Duct",10X4X6-113R,10X4X6-113R,10X4X6 90* REGISTER BOOT,NWA3A,   A,   A,EA,3.4259,74,253.51,,,,,,,74,253.51,,,12,48.6,35,1.16,12,EA,  N,
10,28,"Sheet  Metal, Prefab. Duct",10X4X7-110R,10X4X7-110R,"BOOT,REGISTER,STR,4X10X7",NWA3B,   A,   C,EA,4.6379,30,139.13,,,,,,,30,139.13,,,1,8.65,35,1.15,1,EA,  N,
10,28,"Sheet  Metal, Prefab. Duct",10X4X7-112R,10X4X7-112R,10X4X7 END REGISTER BOOT,NWA3C,   A,   C,EA,4.885,19,92.81,,,,,,,19,92.81,,,4,32.38,35,1,4,EA,  N,
10,28,"Sheet  Metal, Prefab. Duct",10X4X7-113R,10X4X7-113R,10X4X7 90* REGISTER BOOT,NWA3A,   A,   B,EA,5.0531,28,141.48,,,,,,,28,141.48,,,3,26.94,35,1.34,3,EA,  N,
10,28,"Sheet  Metal, Prefab. Duct",10X4X8-110R,10X4X8-110R,10 X 4 X 8  STRAIGHT REGISTER,NWA3B,   A,   E,EA,5.43,12,65.16,,,,,,,12,65.16,,,,,35,1.11,,EA,  N,
10,28,"Sheet  Metal, Prefab. Duct",10X4X8-112R,10X4X8-112R,10X4X8 END REGISTER BOOT,NWA3C,   A,   E,EA,5.72,12,68.64,,,,,,,12,68.64,,,,,35,1.18,,EA,  N,
10,28,"Sheet  Metal, Prefab. Duct",10X6-311P,10X6-311P,10X6 GALVANIZED PLAIN REDUCER,NWA6C,   A,   E,EA,7.43,12,89.16,,,,,,,12,89.16,,,,,35,1.14,,EA,  N,
10,28,"Sheet  Metal, Prefab. Duct",10X6X4-112R,10X6X4-112R,10X6X4 END REGISTER BOOT,NWA3C,   A,   E,EA,6.31,12,75.72,,,,,,,12,75.72,,,,,35,0.83,,EA,  N,
10,28,"Sheet  Metal, Prefab. Duct",10X6X4-113R,10X6X4-113R,10X6X4 90* REGISTER BOOT,NWA3A,   A,   E,EA,6.26,12,75.12,,,,,,,12,75.12,,,,,35,1,,EA,  N,
10,28,"Sheet  Metal, Prefab. Duct",10X6X4-320,10X6X4-320,10X6X4 ROUND TO SQUARE DIFFUSE,NWA3B,   A,   E,EA,8.96,12,107.52,,,,,,,12,107.52,,,,,35,1,,EA,  N,
10,28,"Sheet  Metal, Prefab. Duct",10X6X4-5070,10X6X4-5070,10 X 6 X 4 OVAL STACKHEAD,NWA4A,   A,   C,EA,5.9705,13,77.61,,,,,6,35.82,7,41.79,,,4,32.1,35,1.1,4,EA,  N,
10,28,"Sheet  Metal, Prefab. Duct",10X6X5-112R,10X6X5-112R,10X6X5 END REGISTER BOOT,NWA3C,   A,   E,EA,5.96,12,71.52,,,,,,,12,71.52,,,,,35,0.98,,EA,  N,
10,28,"Sheet  Metal, Prefab. Duct",10X6X5-113R,10X6X5-113R,10X6X5 90* REGISTER BOOT,NWA3A,   A,   E,EA,5.26,10,52.6,,,,,,,10,52.6,,,,,35,0.98,,EA,  N,
10,28,"Sheet  Metal, Prefab. Duct",10X6X5-320,10X6X5-320,10X6X5 ROUND TO SQUARE DIFFUSE,NWA3B,   A,   C,EA,9.3652,19,177.93,,,,,,,19,177.93,,,2,25.84,35,1,2,EA,  N,
10,28,"Sheet  Metal, Prefab. Duct",10X6X5-5070,10X6X5-5070,10 X 6 X 5 OVAL STACKHEAD,NWA4A,   A,   B,EA,5.2978,16,84.76,12,63.57,,,,,16,84.76,,,13,94.54,35,1.4,13,EA,  N,
10,28,"Sheet  Metal, Prefab. Duct",10X6X5-5070D,10X6X5-5070D,10X6X5X5 DOUBLE OVAL STACKHEAD,NWA4D,   A,   E,EA,9.814,12,117.76,,,,,,,12,117.76,,,,,35,1.5,,EA,  N,
10,28,"Sheet  Metal, Prefab. Duct",10X6X6-112R,10X6X6-112R,10X6X6 END REGISTER BOOT,NWA3C,   A,   E,EA,4.91,12,58.92,,,,,,,12,58.92,,,,,35,1.16,,EA,  N,
10,28,"Sheet  Metal, Prefab. Duct",10X6X6-113R,10X6X6-113R,10X6X6 90* REGISTER BOOT,NWA3A,   A,   C,EA,5.4793,31,169.85,,,,,,,31,169.85,,,,,35,1.48,,EA,  N,
10,28,"Sheet  Metal, Prefab. Duct",10X6X6-320,10X6X6-320,10X6X6 ROUND TO SQUARE DIFFUSE,NWA3B,   A,   B,EA,9.576,7,67.03,24,229.82,,,,,7,67.03,,,14,172.19,35,1.07,14,EA,  N,
10,28,"Sheet  Metal, Prefab. Duct",10X6X6-5070D,10X6X6-5070D,10X6X6X6 DOUBLE OVAL STACKHEAD,NWA4D,   A,   E,EA,8.24,24,197.76,,,,,,,24,197.76,,,,,35,1.6,,EA,  N,
10,28,"Sheet  Metal, Prefab. Duct",10X6X7-112R,10X6X7-112R,10X6X7 END REGISTER BOOT,NWA3C,   A,   E,EA,5.47,12,65.64,,,,,,,12,65.64,,,,,35,1.12,,EA,  N,
10,28,"Sheet  Metal, Prefab. Duct",10X6X7-113R,10X6X7-113R,10X6X7 90* REGISTER BOOT,NWA3A,   A,   E,EA,5.54,10,55.4,,,,,,,10,55.4,,,1,7.99,35,1.19,1,EA,  N,
10,28,"Sheet  Metal, Prefab. Duct",10X6X7-320,10X6X7-320,10X6X7 ROUND TO SQUARE DIFFUSE,NWA3B,   A,   B,EA,9.9534,14,139.34,,,,,,,14,139.34,,,6,94.34,35,1.1,6,EA,  N,
10,28,"Sheet  Metal, Prefab. Duct",10X6X7-5070,10X6X7-5070,10 X 6 X 7 OVAL STACKHEAD,NWA4A,   A,   B,EA,6.6446,36,239.2,,,,,,,36,239.2,,,3,28.29,35,1.37,3,EA,  N,
10,28,"Sheet  Metal, Prefab. Duct",10X6X7-5070D,10X6X7-5070D,10X6X7X7  DOUBLE OVAL STACKHD,NWA4D,   A,   E,EA,11.38,12,136.56,,,,,,,12,136.56,,,,,35,1.6,,EA,  N,
10,28,"Sheet  Metal, Prefab. Duct",10X6X8-110R,10X6X8-110R,10 X 6 X 8  STRAIGHT REGISTER,NWA3B,   A,   E,EA,5.44,11,59.84,,,,,,,11,59.84,,,,,35,1.1,,EA,  N,
10,28,"Sheet  Metal, Prefab. Duct",10X6X8-112R,10X6X8-112R,10X6X8 END REGISTER BOOT,NWA3C,   A,   E,EA,7.56,11,83.16,,,,,,,11,83.16,,,,,35,1.19,,EA,  N,
10,28,"Sheet  Metal, Prefab. Duct",10X6X8-113R,10X6X8-113R,10X6X8 90* REGISTER BOOT,NWA3A,   A,   E,EA,5.83,12,69.96,,,,,,,12,69.96,,,,,35,1.31,,EA,  N,
10,28,"Sheet  Metal, Prefab. Duct",10X7-311P,10X7-311P,10X7 GALVANIZED PLAIN REDUCER,NWA6B,   A,   E,EA,7.43,12,89.16,,,,,,,12,89.16,,,,,35,1.14,,EA,  N,
10,28,"Sheet  Metal, Prefab. Duct",10X8-120SD,10X8-120SD,10X8 S/D SW TRUNK ELBOW SQR TH,NWA5A,   A,   E,EA,15.9838,13,207.78,,,,,,,13,207.78,,,,,35,2.69,,EA,  N,
10,28,"Sheet  Metal, Prefab. Duct",10X8-121SD,10X8-121SD,10X8 S/D SW TRUNK ANGLE -SQR,NWA5C,   A,   E,EA,11.96,2,23.92,,,,,,,2,23.92,,,,,35,1.59,,EA,  N,
10,28,"Sheet  Metal, Prefab. Duct",10X8-122SD,10X8-122SD,10X8 S/D LW TRUNK ELBOW -SQR T,NWA5B,   A,   C,EA,14.3559,3,43.06,6,86.13,,,,,3,43.06,,,7,188.13,35,3.49,7,EA,  N,
10,28,"Sheet  Metal, Prefab. Duct",10X8-123SD,10X8-123SD,10X8 S/D LW TRUNK ANGLE -SQR,NWA5D,   A,   E,EA,12.49,2,24.98,,,,,,,2,24.98,,,,,35,2.11,,EA,  N,
10,28,"Sheet  Metal, Prefab. Duct",10X8-141SD,10X8-141SD,"10X8,S/D,STRAIGHT,START,COLLAR",NWA6C,   A,   E,EA,5.94,7,41.58,,,,,,,7,41.58,,,,,35,1.06,,EA,  N,
10,28,"Sheet  Metal, Prefab. Duct",10X8-187SETSD,10X8-187SETSD,10X8 S/D SET-IN CAP,NWA6B,   A,   C,EA,3.9322,22,86.5,,,,,,,22,86.5,,,1,6.31,35,0.58,1,EA,  N,
10,28,"Sheet  Metal, Prefab. Duct",10X8-311P,10X8-311P,10X8 GALVANIZED PLAIN REDUCER,NWA6B,   A,   B,EA,7.9399,16,127.03,,,,,,,16,127.03,,,16,166.16,35,1.11,16,EA,  N,
10,28,"Sheet  Metal, Prefab. Duct",10X8-70,10X8-70,10X8 S/D DUCT TO DUCT CANVAS,NWA6D,   A,   E,EA,17.58,2,35.16,,,,,,,2,35.16,,,,,35,1.25,,EA,  N,
10,28,"Sheet  Metal, Prefab. Duct",10X8X60-125SD50,10X8X60-125SD50,"10X8 60"" UNBOXED S/D",NWW6,   A,   A,EA,16.4737,51,840.15,,,,,,,51,840.15,,,19,488.11,35,13,19,EA,  N,
10,28,"Sheet  Metal, Prefab. Duct",1010108-190-12,1010108-190-12,"10X10 TO 10X8 S/D TR RED - 12""",NWA7F,   A,   E,EA,15.24,2,30.48,,,,,,,2,30.48,,,,,35,3.3,,EA,  N,
10,28,"Sheet  Metal, Prefab. Duct",101088-190-12,101088-190-12,10X10 TO 8X8 S/D TRUNK RED,NWA7F,   A,   E,EA,15.24,2,30.48,,,,,,,2,30.48,,,,,35,3.3,,EA,  N,
10,28,"Sheet  Metal, Prefab. Duct",1088-190-12,1088-190-12,10X8 TO 8X8 S/D TRUNK RED,NWA7F,   A,   E,EA,13.76,1,13.76,2,27.52,,,,,1,13.76,,,1,21.84,35,3,1,EA,  N,
10,28,"Sheet  Metal, Prefab. Duct",12-30-301,12-30-301,"PIPE,RND,SNAPLOCK,12""X60"",30G",NWW6,   A,   B,EA,18.13,34,616.42,,,,,,,34,616.42,,,14,350.71,35,8.6,14,EA,  N,
10,28,"Sheet  Metal, Prefab. Duct",12-400A,12-400A,"TAKEOFF,12""ADHESIVE BACKED",NWA1D,   A,   B,EA,9.0097,13,117.12,12,108.11,,,2,18.01,11,99.1,,,9,130.87,35,1.92,21,EA,  N,
10,28,"Sheet  Metal, Prefab. Duct",12-400AD,12-400AD,"TAKEOFF,AIRTITE,FLAT,W/DAMP,12",NWA1A,   A,   A,EA,16.2795,20,325.59,,,,,,,20,325.59,,,,,35,2.48,,EA,  N,
10,28,"Sheet  Metal, Prefab. Duct",12-406AD,12-406AD,"12"" RND ADH SADDLE STYLE",NWA1C,   A,   E,EA,16.28,11,179.08,,,,,,,11,179.08,,,,,35,2.31,,EA,  N,
10,28,"Sheet  Metal, Prefab. Duct",12X10-120SD,12X10-120SD,12X10 S/D SW TRUNK ELBOW-SQ TH,NWA5A,   A,   B,EA,18.5955,4,74.38,,,,,,,4,74.38,,,2,59.3,35,3.27,2,EA,  N,
10,28,"Sheet  Metal, Prefab. Duct",12X10-121SD,12X10-121SD,12X10 S/D SW TRUNK ANGLE-SQR,NWA5C,   A,   D,EA,13.6439,6,81.86,,,,,,,6,81.86,,,,,35,2.03,,EA,  N,
10,28,"Sheet  Metal, Prefab. Duct",12X10-122SD,12X10-122SD,12X10 S/D LW TRUNK ELBOW-SQR T,NWA5B,   A,   B,EA,20.7185,5,103.59,,,,,,,5,103.59,,,1,33.03,35,5.22,1,EA,  N,
10,28,"Sheet  Metal, Prefab. Duct",12X10-123SD,12X10-123SD,12X10 S/D LW TRUNK ANGLE-SQR,NWA5D,   A,   B,EA,16.5497,6,99.29,,,,,,,6,99.29,,,,,35,3.01,,EA,  N,
10,28,"Sheet  Metal, Prefab. Duct",12X10-141SD,12X10-141SD,"12X10,S/D,STRAIGHT,START",NWA6C,   A,   C,EA,7.21,3,21.63,,,,,,,3,21.63,,,,,35,1.57,,EA,  N,
10,28,"Sheet  Metal, Prefab. Duct",12X10-187SETSD,12X10-187SETSD,12X10 S/D SET-IN CAP,NWA6B,   A,   B,EA,4.1881,27,113.07,,,,,1,4.18,26,108.89,,,3,20.66,35,0.86,3,EA,  N,
10,28,"Sheet  Metal, Prefab. Duct",12X10-311P,12X10-311P,12X10 GALVANIZED PLAIN REDUCER,NWA6B,   A,   A,EA,9.7732,9,87.95,,,,,,,9,87.95,,,14,224.4,35,1.53,10,EA,  N,
10,28,"Sheet  Metal, Prefab. Duct",12X10-70,12X10-70,12X10 S/D DUCT TO DUCT CANVAS,NWA6D,   A,   E,EA,21.46,2,42.92,,,,,,,2,42.92,,,,,35,1.53,,EA,  N,
10,28,"Sheet  Metal, Prefab. Duct",12X10X60-125S50,12X10X60-125S50,"12X10 60"" UNBOXED S/D",NWW6,   A,   A,EA,22.222,104,2311.08,,,,,,,104,2311.08,,,24,822.72,35,15,24,EA,  N,
10,28,"Sheet  Metal, Prefab. Duct",12X12-120SD-ND,12X12-120SD-ND,12X12 S/D SW TRUNK ELBOW-SQ TH,NWA5A,   A,   C,EA,21.5774,4,86.3,,,,,,,4,86.3,,,,,35,4.1,,EA,  N,
10,28,"Sheet  Metal, Prefab. Duct",12X12-121SD-ND,12X12-121SD-ND,12X12 S/D SW TRUNK ANGLE-SQR,NWA5C,   A,   B,EA,17.0612,6,102.36,,,,,,,6,102.36,,,,,35,2.8,,EA,  N,
10,28,"Sheet  Metal, Prefab. Duct",12X12-141SD,12X12-141SD,"12X12,S/D,STR,START,COLLAR",NWA6C,   A,   E,EA,6.92,5,34.6,,,,,,,5,34.6,,,,,35,1.41,,EA,  N,
10,28,"Sheet  Metal, Prefab. Duct",12X12-187SETSD,12X12-187SETSD,12X12 S/D SET-IN CAP,NWA6A,   A,   C,EA,4.5896,12,55.07,,,,,,,12,55.07,,,7,53.13,35,1.01,7,EA,  N,
10,28,"Sheet  Metal, Prefab. Duct",12X12-70,12X12-70,12X12 S/D DUCT TO DUCT CANVAS,NWA6E,   A,   E,EA,23.41,3,70.23,,,,,,,3,70.23,,,,,35,1.53,,EA,  N,
10,28,"Sheet  Metal, Prefab. Duct",12X12X10-320S,12X12X10-320S,"12X12X10,#320,SIDE,OUTLETDIFF",NWA2B,   A,   E,EA,18.77,6,112.62,,,,,,,6,112.62,,,,,35,2.13,,EA,  N,
10,28,"Sheet  Metal, Prefab. Duct",12X12X10-320T,12X12X10-320T,"12X12X10,#320T,TOP,CEILING,BOX",NWA2A,   A,   C,EA,15.1143,8,120.91,,,,,,,8,120.91,,,,,35,2.13,,EA,  N,
10,28,"Sheet  Metal, Prefab. Duct",12X12X12-306ST,12X12X12-306ST,"12X12X12 TAPERED FLUE WYE 24""",NWW6,   A,   E,EA,51.41,1,51.41,,,,,,,1,51.41,,,,,35,6,,EA,  N,
10,28,"Sheet  Metal, Prefab. Duct",12X12X12-320NO,12X12X12-320NO,"BLANK BOX 12X12 12"" DEEP",,   A,   B,EA,20.1588,,,,,6,120.95,,,,,,,6,152.82,35,0,6,EA,,
10,28,"Sheet  Metal, Prefab. Duct",12X12X12-320T,12X12X12-320T,"12X12X12,#320T,TOP,CEILING,BOX",NWA2A,   A,   C,EA,16.1287,16,258.05,,,,,1,16.12,15,241.93,,,,,35,2.03,,EA,  N,
10,28,"Sheet  Metal, Prefab. Duct",12X12X6-320S,12X12X6-320S,"12X12X6,#320S ,SIDE,OUTLET,BOX",NWA2B,   A,   E,EA,16.75,6,100.5,,,,,,,6,100.5,,,,,35,2.16,,EA,  N,
10,28,"Sheet  Metal, Prefab. Duct",12X12X60-125SD,12X12X60-125SD,"12X12 60"" SLIDE/DRIVE",NWW6,   A,   A,EA,30.7931,27,831.41,30,923.79,,,,,27,831.41,,,29,1230.62,35,17,29,EA,  N,
10,28,"Sheet  Metal, Prefab. Duct",12X12X7-320S,12X12X7-320S,"12X12X7-#320,SIDE,OUTLET,BOX",NWA2B,   A,   E,EA,16.75,6,100.5,,,,,,,6,100.5,,,,,35,2.16,,EA,  N,
10,28,"Sheet  Metal, Prefab. Duct",12X12X7-320T,12X12X7-320T,"12X12X7,#320T,TOP,DIFFUSER,BOX",NWA2A,   A,   E,EA,15.06,12,180.72,,,,,,,12,180.72,,,,,35,2.16,,EA,  N,
10,28,"Sheet  Metal, Prefab. Duct",12X12X8-320S,12X12X8-320S,"12X12X8 ,#320S,SIDE,OUTLET,BOX",NWA2B,   A,   E,EA,17.1,6,102.6,,,,,,,6,102.6,,,,,35,3.33,,EA,  N,
10,28,"Sheet  Metal, Prefab. Duct",12X12X8-320T,12X12X8-320T,"12X12X8,#320T,TOP,DIFFUSER,BOX",NWA2A,   A,   B,EA,15.3724,6,92.23,6,92.23,,,,,6,92.23,,,5,122.55,35,2.15,5,EA,  N,
10,28,"Sheet  Metal, Prefab. Duct",12X12X8-532S,12X12X8-532S,"12X12X8 OVAL SO BOX- 9"" COLLAR",NWA4E,   A,   D,EA,16.17,5,80.85,6,97.02,,,,,5,80.85,,,1,23.96,35,2.2,1,EA,  N,
10,28,"Sheet  Metal, Prefab. Duct",12X4X4-110R,12X4X4-110R,12 X 4 X 4  STRAIGHT REGISTER,NWA3B,   A,   E,EA,4.63,12,55.56,,,,,,,12,55.56,,,,,35,0.01,,EA,  N,
10,28,"Sheet  Metal, Prefab. Duct",12X4X4-112R,12X4X4-112R,12X4X4 END REGISTER BOOT,NWA3C,   A,   E,EA,5.29,12,63.48,,,,,,,12,63.48,,,,,35,0.93,,EA,  N,
10,28,"Sheet  Metal, Prefab. Duct",12X4X5-110R,12X4X5-110R,12 X 4 X 5  STRAIGHT REGISTER,NWA3B,   A,   E,EA,4.42,12,53.04,,,,,,,12,53.04,,,,,35,1,,EA,  N,
10,28,"Sheet  Metal, Prefab. Duct",12X4X5-112R,12X4X5-112R,12X4X5 END REGISTER BOOT,NWA3C,   A,   E,EA,4.65,12,55.8,,,,,,,12,55.8,,,,,35,0.93,,EA,  N,
10,28,"Sheet  Metal, Prefab. Duct",12X4X5-113R,12X4X5-113R,12X4X5 90* REGISTER BOOT,NWA3A,   A,   E,EA,4.14,11,45.54,,,,,,,11,45.54,,,,,35,0.98,,EA,  N,
10,28,"Sheet  Metal, Prefab. Duct",12X4X6-110R,12X4X6-110R,12 X 4 X 6  STRAIGHT REGISTER,NWA3B,   A,   C,EA,4.7249,21,99.22,,,,,,,21,99.22,,,,,35,1.21,,EA,  N,
10,28,"Sheet  Metal, Prefab. Duct",12X4X6-112R,12X4X6-112R,12X4X6 END REGISTER BOOT,NWA3C,   A,   E,EA,3.97,12,47.64,,,,,,,12,47.64,,,,,35,1.25,,EA,  N,
10,28,"Sheet  Metal, Prefab. Duct",12X4X6-113R,12X4X6-113R,12X4X6 90* REGISTER BOOT,NWA3A,   A,   C,EA,4.0863,31,126.67,,,,,,,31,126.67,,,5,37.05,35,1.39,5,EA,  N,
10,28,"Sheet  Metal, Prefab. Duct",12X4X7-110R,12X4X7-110R,12 X 4 X 7  STRAIGHT REGISTER,NWA3B,   A,   B,EA,4.981,36,179.31,,,,,,,36,179.31,,,24,142.32,35,1.25,24,EA,  N,
10,28,"Sheet  Metal, Prefab. Duct",12X4X7-112R,12X4X7-112R,12X4X7 END REGISTER BOOT,NWA3C,   A,   E,EA,4.68,12,56.16,,,,,,,12,56.16,,,,,35,1.38,,EA,  N,
10,28,"Sheet  Metal, Prefab. Duct",12X4X7-113R,12X4X7-113R,12X4X7 90* REGISTER BOOT,NWA3A,   A,   D,EA,4.6017,9,41.41,12,55.22,,,,,9,41.41,,,12,66.96,35,1.43,12,EA,  N,
10,28,"Sheet  Metal, Prefab. Duct",12X4X8-110R,12X4X8-110R,12 X 4 X 8  STRAIGHT REGISTER,NWA3B,   A,   E,EA,5,10,50,,,,,,,10,50,,,,,35,1.25,,EA,  N,
10,28,"Sheet  Metal, Prefab. Duct",12X4X8-112R,12X4X8-112R,12X4X8 END REGISTER BOOT,NWA3C,   A,   D,EA,5.35,11,58.85,,,,,,,11,58.85,,,,,35,1.24,,EA,  N,
10,28,"Sheet  Metal, Prefab. Duct",12X4X8-113R,12X4X8-113R,12X4X8 90* REGISTER BOOT,NWA3A,   A,   E,EA,5,12,60,,,,,,,12,60,,,,,35,1.63,,EA,  N,
10,28,"Sheet  Metal, Prefab. Duct",12X6-311P,12X6-311P,12X6 GALVANIZED PLAIN REDUCER,NWA6B,   A,   E,EA,7.98,12,95.76,,,,,,,12,95.76,,,,,35,1.71,,EA,  N,
10,28,"Sheet  Metal, Prefab. Duct",12X6X5-113R,12X6X5-113R,12X6X5 90* REGISTER BOOT,NWA3A,   A,   E,EA,5.32,12,63.84,,,,,,,12,63.84,,,,,35,1.3,,EA,  N,
10,28,"Sheet  Metal, Prefab. Duct",12X6X6-112R,12X6X6-112R,12X6X6 END REGISTER BOOT,NWA3C,   A,   E,EA,5.27,12,63.24,,,,,,,12,63.24,,,,,35,1.46,,EA,  N,
10,28,"Sheet  Metal, Prefab. Duct",12X6X6-113R,12X6X6-113R,12X6X6 90* REGISTER BOOT,NWA3A,   A,   E,EA,5.38,12,64.56,,,,,,,12,64.56,,,,,35,1.35,,EA,  N,
10,28,"Sheet  Metal, Prefab. Duct",12X6X6-320,12X6X6-320,12X6X6 ROUND TO SQUARE DIFFUSE,NWA3B,   A,   E,EA,14.68,2,29.36,24,352.32,,,,,2,29.36,,,10,198.9,35,1.2,10,EA,  N,
10,28,"Sheet  Metal, Prefab. Duct",12X6X6-5070,12X6X6-5070,12 X 6 X 6 OVAL STACKHEAD,NWA4A,   A,   C,EA,7.1911,18,129.43,,,,,1,7.19,17,122.24,,,2,19.9,35,1.53,2,EA,  N,
10,28,"Sheet  Metal, Prefab. Duct",12X6X6-5070D,12X6X6-5070D,12X6X6X6 DOUBLE OVAL STACKHEAD,NWA4D,   A,   C,EA,11.38,11,125.18,,,,,,,11,125.18,,,,,35,1.6,,EA,  N,
10,28,"Sheet  Metal, Prefab. Duct",12X6X7-112R,12X6X7-112R,12X6X7 END REGISTER BOOT,NWA3C,   A,   E,EA,5.46,12,65.52,,,,,,,12,65.52,,,,,35,1.24,,EA,  N,
10,28,"Sheet  Metal, Prefab. Duct",12X6X7-113R,12X6X7-113R,12X6X7 90* REGISTER BOOT,NWA3A,   A,   E,EA,5.38,11,59.18,,,,,,,11,59.18,,,,,35,1.33,,EA,  N,
10,28,"Sheet  Metal, Prefab. Duct",12X6X7-320,12X6X7-320,12X6X7 ROUND TO SQUARE DIFFUSE,NWA3B,   A,   C,EA,10.42,10,104.2,,,,,,,10,104.2,,,,,35,1.2,,EA,  N,
10,28,"Sheet  Metal, Prefab. Duct",12X6X7-5070,12X6X7-5070,12 X 6 X 7 OVAL STACKHEAD,NWA4A,   A,   A,EA,7.4097,27,200.06,,,,,6,44.45,21,155.6,,,13,132.47,35,1.75,13,EA,  N,
10,28,"Sheet  Metal, Prefab. Duct",12X6X7-5070D,12X6X7-5070D,12X6X7X7 DOUBLE OVAL STACKHEAD,NWA4D,   A,   E,EA,11.38,12,136.56,,,,,6,68.28,6,68.28,,,,,35,1.7,,EA,  N,
10,28,"Sheet  Metal, Prefab. Duct",12X6X8-110R,12X6X8-110R,12 X 6 X 8  STRAIGHT REGISTER,NWA3B,   A,   E,EA,5.71,11,62.81,,,,,,,11,62.81,,,,,35,1.08,,EA,  N,
10,28,"Sheet  Metal, Prefab. Duct",12X6X8-112R,12X6X8-112R,12X6X8 END REGISTER BOOT,NWA3C,   A,   E,EA,5.46,12,65.52,,,,,,,12,65.52,,,,,35,1.32,,EA,  N,
10,28,"Sheet  Metal, Prefab. Duct",12X6X8-113R,12X6X8-113R,12X6X8 90* REGISTER BOOT,NWA3A,   A,   D,EA,5.45,11,59.95,,,,,,,11,59.95,,,,,35,1.47,,EA,  N,
10,28,"Sheet  Metal, Prefab. Duct",12X6X8-320,12X6X8-320,12X6X8 ROUND TO SQUARE DIFFUSE,NWA3B,   A,   D,EA,14.68,11,161.48,,,,,,,11,161.48,,,,,35,1.31,,EA,  N,
10,28,"Sheet  Metal, Prefab. Duct",12X6X8-5070,12X6X8-5070,12 X 6 X 8 OVAL STACKHEAD,NWA4B,   A,   B,EA,9.278,10,92.78,12,111.33,,,,,10,92.78,,,17,233.07,35,1.48,17,EA,  N,
10,28,"Sheet  Metal, Prefab. Duct",12X7-311P,12X7-311P,12X7 GALVANIZED PLAIN REDUCER,NWA6B,   A,   E,EA,7.98,12,95.76,,,,,,,12,95.76,,,,,35,1.38,,EA,  N,
10,28,"Sheet  Metal, Prefab. Duct",12X8-120SD,12X8-120SD,12X8 S/D SW TRUNK ELBOW -SQ TH,NWA5A,   A,   E,EA,16.2,8,129.6,,,,,,,8,129.6,,,,,35,3.04,,EA,  N,
10,28,"Sheet  Metal, Prefab. Duct",12X8-121SD,12X8-121SD,12X8 S/D SW TRUNK ANGLE -SQR,NWA5C,   A,   C,EA,13.7512,4,55,,,,,,,4,55,,,,,35,1.89,,EA,  N,
10,28,"Sheet  Metal, Prefab. Duct",12X8-123SD,12X8-123SD,12X8 S/D LW TRUNK ANGLE -SQR,NWA5D,   A,   C,EA,14.7838,8,118.27,,,,,,,8,118.27,,,,,35,2.61,,EA,  N,
10,28,"Sheet  Metal, Prefab. Duct",12X8-141SD,12X8-141SD,"12X8,S/D,STRAIGHT,START,COLLAR",NWA6C,   A,   E,EA,6.14,5,30.7,,,,,,,5,30.7,,,,,35,1.22,,EA,  N,
10,28,"Sheet  Metal, Prefab. Duct",12X8-187SETSD,12X8-187SETSD,12X8 S/D SET-IN CAP,NWA6B,   A,   E,EA,3.81,9,34.29,,,,,,,9,34.29,,,1,6.51,35,0.67,1,EA,  N,
10,28,"Sheet  Metal, Prefab. Duct",12X8-311P,12X8-311P,12X8 GALVANIZED PLAIN REDUCER,NWA6B,   A,   E,EA,8.94,12,107.28,,,,,,,12,107.28,,,,,35,1.84,,EA,  N,
10,28,"Sheet  Metal, Prefab. Duct",12X8-70,12X8-70,12X8 S/D DUCT TO DUCT CANVAS,NWA6D,   A,   E,EA,19.51,2,39.02,,,,,,,2,39.02,,,,,35,1.39,,EA,  N,
10,28,"Sheet  Metal, Prefab. Duct",12X8X60-125SD50,12X8X60-125SD50,"12X8 60"" UNBOXED S/D",NWW6,   A,   B,EA,17.7327,49,868.9,,,,,,,49,868.9,,,6,165.54,35,14,6,EA,  N,
10,28,"Sheet  Metal, Prefab. Duct",12X8X8-110R,12X8X8-110R,12 X 8 X 8  STRAIGHT REGISTER,NWA3B,   A,   B,EA,7.691,12,92.29,,,,,,,12,92.29,,,,,35,1.2,,EA,  N,
10,28,"Sheet  Metal, Prefab. Duct",120-CAF,120-CAF,"120"" COLD AIR FRAME MATERIAL",NWW6,   A,   E,EA,6.55,25,163.75,,,,,,,25,163.75,,,,,35,2.5,,EA,  N,
10,28,"Sheet  Metal, Prefab. Duct",121010-190-12,121010-190-12,"12X10 TO 10X10 S/D TR RED -12""",NWA7F,   A,   B,EA,16.7427,3,50.22,,,,,,,3,50.22,,,1,24.79,35,3.6,1,EA,  N,
10,28,"Sheet  Metal, Prefab. Duct",1210128-190-12,1210128-190-12,"12X10 TO 12X8 S/D TR RED - 12""",NWA7F,   A,   E,EA,15.62,2,31.24,,,,,,,2,31.24,,,,,35,3.6,,EA,  N,
10,28,"Sheet  Metal, Prefab. Duct",12108-190-12,12108-190-12,12X8 TO 10X8 S/D TRUNK RED- 12,NWA7F,   A,   E,EA,14.9,2,29.8,,,,,,,2,29.8,,,,,35,3.3,,EA,  N,
10,28,"Sheet  Metal, Prefab. Duct",12121010-190-12,12121010-190-12,"12X12 TO 10X10 S/D TR RED -12""",NWA7F,   A,   E,EA,18.04,2,36.08,,,,,,,2,36.08,,,,,35,3.9,,EA,  N,
10,28,"Sheet  Metal, Prefab. Duct",12121210-190-12,12121210-190-12,"12X12 TO 12X10 S/D TR RED -12""",NWA7F,   A,   E,EA,18.04,2,36.08,,,,,,,2,36.08,,,,,35,3.9,,EA,  N,
10,28,"Sheet  Metal, Prefab. Duct",1212128-190-12,1212128-190-12,"12X12 TO 12X8 S/D TR RED - 12""",NWA7F,   A,   E,EA,20.03,2,40.06,,,,,,,2,40.06,,,,,35,3.9,,EA,  N,
10,28,"Sheet  Metal, Prefab. Duct",1288-190-12,1288-190-12,12X8 TO 8X8 S/D TRUNK RED - 12,NWA7F,   A,   C,EA,16.7427,4,66.97,,,,,,,4,66.97,,,2,57.84,35,3.3,2,EA,  N,
10,28,"Sheet  Metal, Prefab. Duct",13X20X6-317,13X20X6-317,"PAN,BLANK,13X20,6"" DEEP",NWA6C,   A,   E,EA,15.9123,13,206.85,,,,,,,13,206.85,,,,,35,0,,EA,,
10,28,"Sheet  Metal, Prefab. Duct",14-400A,14-400A,"TAKEOFF,14""ADHESIVE BACKED",NWA1D,   A,   B,EA,10.6045,6,63.62,12,127.25,,,1,10.6,5,53.02,,,17,250.77,35,2,39,EA,  N,
10,28,"Sheet  Metal, Prefab. Duct",14-400AD,14-400AD,"TAKEOFF,AIRTITE,FLAT,W/DAMP,14",NWA1A,   A,   E,EA,17.96,12,215.52,,,,,,,12,215.52,,,,,35,2.75,,EA,  N,
10,28,"Sheet  Metal, Prefab. Duct",14X10-120SD,14X10-120SD,14X10 S/D SW TRUNK ELBOW-SQ TH,NWA5A,   A,   C,EA,20.4605,3,61.38,3,61.38,,,,,3,61.38,,,3,100.11,35,4.1,3,EA,  N,
10,28,"Sheet  Metal, Prefab. Duct",14X10-121SD,14X10-121SD,14X10 S/D SW TRUNK ANGLE-SQR,NWA5C,   A,   B,EA,15.5944,3,46.78,,,,,,,3,46.78,,,,,35,2.8,,EA,  N,
10,28,"Sheet  Metal, Prefab. Duct",14X10-122SD,14X10-122SD,14X10 S/W LW TRUNK ELBOW-SQR T,NWA5B,   A,   B,EA,22.5985,5,112.99,,,,,,,5,112.99,,,,,35,6.2,,EA,  N,
10,28,"Sheet  Metal, Prefab. Duct",14X10-123SD,14X10-123SD,14X10 S/D LW TRUNK ANGLE-SQR,NWA5D,   A,   E,EA,16.2722,6,97.63,,,,,,,6,97.63,,,2,49,35,3.8,2,EA,  N,
10,28,"Sheet  Metal, Prefab. Duct",14X10-141SD,14X10-141SD,"14X10,S/D,STR,START,COLLAR",NWA6C,   A,   D,EA,7.48,3,22.44,,,,,,,3,22.44,,,,,35,1.44,,EA,  N,
10,28,"Sheet  Metal, Prefab. Duct",14X10-187SETSD,14X10-187SETSD,14X10 S/D SET-IN CAP,NWA6B,   A,   E,EA,4.18,9,37.62,,,,,,,9,37.62,,,1,7.14,35,0.97,1,EA,  N,
10,28,"Sheet  Metal, Prefab. Duct",14X10-311P,14X10-311P,14X10 GALVANIZED PLAIN REDUCER,NWA6C,   A,   C,EA,11.2422,12,134.9,,,,,,,12,134.9,,,,,35,1.88,,EA,  N,
10,28,"Sheet  Metal, Prefab. Duct",14X10-70,14X10-70,14X10 S/D DUCT TO DUCT CANVAS,NWA6D,   A,   E,EA,23.41,2,46.82,,,,,,,2,46.82,,,,,35,1.66,,EA,  N,
10,28,"Sheet  Metal, Prefab. Duct",14X10X60-125SD50,14X10X60-125SD50,"14X10  60"" UNBOXED S/D",NWW6,   A,   A,EA,24.7318,69,1706.49,,,,,,,69,1706.49,,,19,708.41,35,17,19,EA,  N,
10,28,"Sheet  Metal, Prefab. Duct",14X12-120SD,14X12-120SD,14X12 S/D SW TRUNK ELBOW-SQ TH,NWA5A,   A,   D,EA,23.131,4,92.52,,,,,,,4,92.52,,,,,35,4.7,,EA,  N,
10,28,"Sheet  Metal, Prefab. Duct",14X12-121SD,14X12-121SD,14X12 S/D SW TRUNK ANGLE-SQR,NWA5C,   A,   E,EA,17.07,2,34.14,,,,,,,2,34.14,,,,,35,3,,EA,  N,
10,28,"Sheet  Metal, Prefab. Duct",14X12-122SD,14X12-122SD,14X12 S/D LW TRUNK ELBOW-SQR T,NWA5B,   A,   D,EA,27.2226,4,108.89,,,,,,,4,108.89,,,,,35,7,,EA,  N,
10,28,"Sheet  Metal, Prefab. Duct",14X12-123SD,14X12-123SD,14X12 S/D LW TRUNK ANGLE-SQR,NWA5D,   A,   E,EA,19.65,2,39.3,,,,,,,2,39.3,,,,,35,4,,EA,  N,
10,28,"Sheet  Metal, Prefab. Duct",14X12-141SD,14X12-141SD,"14X12,S/D,STR,START,COLLAR",NWA6C,   A,   D,EA,8.1446,6,48.86,,,,,,,6,48.86,,,,,35,1.7,,EA,  N,
10,28,"Sheet  Metal, Prefab. Duct",14X12-187SETSD,14X12-187SETSD,14X12 S/D SET-IN CAP,NWA6A,   A,   D,EA,4.91,8,39.28,,,,,,,8,39.28,,,1,7.08,35,0.94,1,EA,  N,
10,28,"Sheet  Metal, Prefab. Duct",14X12-311P,14X12-311P,14X12 GALVANIZED PLAIN REDUCER,NWA6C,   A,   C,EA,11.2422,6,67.45,,,12,134.9,,,6,67.45,,,11,174.16,35,1.88,11,EA,  N,
10,28,"Sheet  Metal, Prefab. Duct",14X12-70,14X12-70,14X12 S/D DUCT TO DUCT CANVAS,NWA6E,   A,   B,EA,30.0871,2,60.17,,,,,,,2,60.17,,,,,35,1.66,,EA,  N,
10,28,"Sheet  Metal, Prefab. Duct",14X12X60-125SD,14X12X60-125SD,"14X12 60"" SLIDE/DRIVE",NWW6,   A,   A,EA,34.6922,18,624.45,,,,,2,69.38,16,555.07,,,13,618.6,35,18.29,13,EA,  N,
10,28,"Sheet  Metal, Prefab. Duct",14X14X10-320T,14X14X10-320T,"14X14X10,TOP,RD,TO,SQ,DIFFUSER",NWA2A,   A,   C,EA,18.92,12,227.04,,,,,,,12,227.04,,,4,130.12,35,2.67,4,EA,  N,
10,28,"Sheet  Metal, Prefab. Duct",14X14X12-320T,14X14X12-320T,"14X14X12,SQ,TO,RD,TOP,DIFFUSER",NWA2A,   A,   C,EA,19.9432,8,159.54,,,,,,,8,159.54,,,2,57.33,35,2.57,2,EA,  N,
10,28,"Sheet  Metal, Prefab. Duct",14X14X14-306ST,14X14X14-306ST,"14X14X14 TAPERED FLUE WYE 24""",NWW6,   A,   E,EA,59.99,1,59.99,,,,,,,1,59.99,,,,,35,7,,EA,  N,
10,28,"Sheet  Metal, Prefab. Duct",14X14X14-320T,14X14X14-320T,"14X14X14,SQ,TO,RD,TOP,DIFFUSER",NWA2A,   A,   E,EA,19.37,6,116.22,,,,,,,6,116.22,,,,,35,2.6,,EA,  N,
10,28,"Sheet  Metal, Prefab. Duct",14X25X30-RP,14X25X30-RP,"14 X 25 X 30"" RETURN PLENUM",NWA6A,   A,   E,EA,85.73,2,171.46,,,,,,,2,171.46,,,,,35,11,,EA,  N,
10,28,"Sheet  Metal, Prefab. Duct",14X30X7.5-320NO,14X30X7.5-320NO,"BOX,CEILING,NO OPEN,14X30",NWA2C,   A,   D,EA,29.48,9,265.32,,,,,,,9,265.32,,,2,78.62,35,0,2,EA,,
10,28,"Sheet  Metal, Prefab. Duct",14X6X6-5070,14X6X6-5070,14 X 6 X 6 OVAL STACKHEAD,NWA4B,   A,   E,EA,10.06,11,110.66,,,,,,,11,110.66,,,1,15.97,35,1.51,1,EA,  N,
10,28,"Sheet  Metal, Prefab. Duct",14X6X7-5070,14X6X7-5070,14 X 6 X 7 OVAL STACKHEAD,NWA4B,   A,   E,EA,9.98,12,119.76,,,,,,,12,119.76,,,,,35,1.51,,EA,  N,
10,28,"Sheet  Metal, Prefab. Duct",14X6X8-5070,14X6X8-5070,14 X 6 X 8 OVAL STACKHEAD,NWA4B,   A,   B,EA,10.4105,44,458.06,,,,,,,44,458.06,,,3,45.42,35,1.59,3,EA,  N,
10,28,"Sheet  Metal, Prefab. Duct",14X8-120SD,14X8-120SD,14X8 S/D SW TRUNK ELBOW -SQ TH,NWA5A,   A,   E,EA,17.34,8,138.72,,,,,,,8,138.72,,,,,35,3.27,,EA,  N,
10,28,"Sheet  Metal, Prefab. Duct",14X8-121SD,14X8-121SD,14X8 S/D SW TRUNK ANGLE -SQR,NWA5C,   A,   D,EA,14.2377,6,85.42,,,,,,,6,85.42,,,,,35,2.03,,EA,  N,
10,28,"Sheet  Metal, Prefab. Duct",14X8-122SD,14X8-122SD,14X8 S/D LW TRUNK ELBOW -SQR T,NWA5B,   A,   E,EA,19.85,8,158.8,,,,,,,8,158.8,,,,,35,5.22,,EA,  N,
10,28,"Sheet  Metal, Prefab. Duct",14X8-123SD,14X8-123SD,14X8 S/D LW TRUNK ANGLE -SQR,NWA5D,   A,   E,EA,15.6,2,31.2,,,,,,,2,31.2,,,,,35,3.01,,EA,  N,
10,28,"Sheet  Metal, Prefab. Duct",14X8-141SD,14X8-141SD,"14X8,S/D,STRAIGHT,START,COLLAR",NWA6C,   A,   E,EA,6.35,5,31.75,,,,,,,5,31.75,,,,,35,1.36,,EA,  N,
10,28,"Sheet  Metal, Prefab. Duct",14X8-187SETSD,14X8-187SETSD,14X8 S/D SET-IN CAP,NWA6B,   A,   E,EA,3.91,9,35.19,,,,,,,9,35.19,,,,,35,0.77,,EA,  N,
10,28,"Sheet  Metal, Prefab. Duct",14X8-311P,14X8-311P,14X8 GALVANIZED PLAIN REDUCER,NWA6C,   A,   E,EA,10.49,6,62.94,,,,,,,6,62.94,,,,,35,1.88,,EA,  N,
10,28,"Sheet  Metal, Prefab. Duct",14X8-70,14X8-70,14X8 S/D DUCT TO DUCT CANVAS,NWA6D,   A,   E,EA,21.46,2,42.92,,,,,,,2,42.92,,,,,35,1.53,,EA,  N,
10,28,"Sheet  Metal, Prefab. Duct",14X8X60-125SD50,14X8X60-125SD50,"14X8 60"" UNBOXED S/D",NWW6,   A,   A,EA,19.11,39,745.29,,,,,,,39,745.29,,,,,35,15,,EA,  N,
10,28,"Sheet  Metal, Prefab. Duct",14X8X8-5070,14X8X8-5070,14x8x8 OVAL STACKHEAD,NWA4B,   A,   B,EA,14.5811,12,174.97,,,,,,,12,174.97,,,,,35,0,,EA,,
10,28,"Sheet  Metal, Prefab. Duct",141010-190-12,141010-190-12,14X10 TO 10X10 S/D TR RED - 12,NWA7F,   A,   C,EA,21.4809,4,85.92,,,,,,,4,85.92,,,2,63.6,35,3.9,2,EA,  N,
10,28,"Sheet  Metal, Prefab. Duct",1410148-190-12,1410148-190-12,"14X10 TO 14X8 S/D TR RED - 12""",NWA7F,   A,   E,EA,20.03,2,40.06,,,,,,,2,40.06,,,,,35,3.9,,EA,  N,
10,28,"Sheet  Metal, Prefab. Duct",14108-190-12,14108-190-12,"14X8 TO 10X8 S/D TR RED - 12""",NWA7F,   A,   E,EA,17.42,2,34.84,,,,,,,2,34.84,,,,,35,3.6,,EA,  N,
10,28,"Sheet  Metal, Prefab. Duct",141210-190-12,141210-190-12,14X10 TO 12X10 S/D TR RED - 12,NWA7F,   A,   C,EA,21.4987,3,64.49,,,,,,,3,64.49,,,,,35,3.9,,EA,  N,
10,28,"Sheet  Metal, Prefab. Duct",141212-190-12,141212-190-12,"14X12 TO 12X12 S/D TR RED -12""",NWA7E,   A,   B,EA,20.9115,2,41.82,,,,,,,2,41.82,,,2,72.24,35,4.2,2,EA,  N,
10,28,"Sheet  Metal, Prefab. Duct",14121410-190-12,14121410-190-12,14X12 TO 14X10 S/D TR RED - 12,NWA7E,   A,   E,EA,19.5,2,39,,,,,,,2,39,,,,,35,4.2,,EA,  N,
10,28,"Sheet  Metal, Prefab. Duct",14128-190-12,14128-190-12,14X8 TO 12X8 S/D TRUNK RED -12,NWA7F,   A,   E,EA,16.7,2,33.4,,,,,,,2,33.4,,,,,35,3.6,,EA,  N,
10,28,"Sheet  Metal, Prefab. Duct",14141212-190-12,14141212-190-12,"14X14 TO 12X12 S/D TR RED -12""",NWA7E,   A,   E,EA,20.89,2,41.78,,,,,,,2,41.78,,,,,35,4.5,,EA,  N,
10,28,"Sheet  Metal, Prefab. Duct",1425X2025-320NO,1425X2025-320NO,14 1/4 X 20 1/4 CEILING BOX W/,NWA2D,   A,   E,EA,20.2,6,121.2,,,,,,,6,121.2,,,,,35,3,,EA,  N,
10,28,"Sheet  Metal, Prefab. Duct",1425X2425-320NO,1425X2425-320NO,14 1/4 X 24 1/4 CEILING BOX W/,NWA2D,   A,   B,EA,21.1697,9,190.52,,,,,,,9,190.52,,,2,69.46,35,3,2,EA,  N,
10,28,"Sheet  Metal, Prefab. Duct",1425X3025-320NO,1425X3025-320NO,14 1/4 X 30 1/4 CEILING BOX W/,NWA2D,   A,   C,EA,21.0727,10,210.72,,,,,,,10,210.72,,,,,35,3.5,,EA,  N,
10,28,"Sheet  Metal, Prefab. Duct",1488-190-12,1488-190-12,"14X8 TO 8X8 S/D TR RED - 12"" H",NWA7F,   A,   E,EA,16.7,2,33.4,,,,,,,2,33.4,,,,,35,3.6,,EA,  N,
10,28,"Sheet  Metal, Prefab. Duct",16.5X20X6-317,16.5X20X6-317,"PAN,BLANK,16.5X20,6"" DEEP",NWA6C,   A,   E,EA,18.75,10,187.5,,,,,,,10,187.5,,,,,35,0,,EA,,
10,28,"Sheet  Metal, Prefab. Duct",16-313FGD,16-313FGD,"16"" GALV CLR 6""LONG W/CRIMP &",NWA1A,   A,   B,EA,14.3688,20,287.37,,,,,,,20,287.37,,,,,35,0,,EA,,
10,28,"Sheet  Metal, Prefab. Duct",16-400A,16-400A,"TAKEOFF,AIRTITE,FLAT,16""",NWA1D,   A,   B,EA,16.0049,17,272.08,,,,,,,17,272.08,,,7,161.57,35,2.5,22,EA,  N,
10,28,"Sheet  Metal, Prefab. Duct",16X10-120SD,16X10-120SD,16X10 S/D SW TRUNK ELBOW-SQ TH,NWA5A,   A,   E,EA,20.38,4,81.52,,,,,,,4,81.52,,,,,35,4.7,,EA,  N,
10,28,"Sheet  Metal, Prefab. Duct",16X10-121SD,16X10-121SD,16X10 S/D SW TRUNK ANGLE-SQR,NWA5C,   A,   E,EA,15.76,2,31.52,,,,,,,2,31.52,,,,,35,2.8,,EA,  N,
10,28,"Sheet  Metal, Prefab. Duct",16X10-122SD,16X10-122SD,16X10 S/D LW TRUNK ELBOW-SQR T,NWA5B,   A,   C,EA,25.5773,6,153.46,,,,,,,6,153.46,,,2,89.86,35,7,2,EA,  N,
10,28,"Sheet  Metal, Prefab. Duct",16X10-123SD,16X10-123SD,16X10 S/D LW TRUNK ANGLE-SQR,NWA5D,   A,   E,EA,19.94,2,39.88,,,,,,,2,39.88,,,,,35,4,,EA,  N,
10,28,"Sheet  Metal, Prefab. Duct",16X10-141SD,16X10-141SD,"16X10,S/D,STR,START,COLLAR",NWA6C,   A,   E,EA,7.59,8,60.72,,,,,,,8,60.72,,,,,35,1.7,,EA,  N,
10,28,"Sheet  Metal, Prefab. Duct",16X10-187SETSD,16X10-187SETSD,16X10 S/D SET-IN CAP,NWA6A,   A,   C,EA,4.7239,19,89.75,,,,,,,19,89.75,,,,,35,0.96,,EA,  N,
10,28,"Sheet  Metal, Prefab. Duct",16X10-311P,16X10-311P,16X10 GALVANIZED PLAIN REDUCER,NWA6C,   A,   E,EA,13.28,5,66.4,,,,,,,5,66.4,,,,,35,2.15,,EA,  N,
10,28,"Sheet  Metal, Prefab. Duct",16X10-70,16X10-70,16X10 S/D DUCT TO DUCT CANVAS,NWA6D,   A,   B,EA,29.8285,2,59.65,,,,,,,2,59.65,,,,,35,1.8,,EA,  N,
10,28,"Sheet  Metal, Prefab. Duct",16X10X60-125S40,16X10X60-125S40,"16X10 60"" UNBOXED S/D",NWW6,   A,   A,EA,27.3128,31,846.69,40,1092.51,,,,,31,846.69,,,16,648.48,35,18,16,EA,  N,
10,28,"Sheet  Metal, Prefab. Duct",16X12-120SD,16X12-120SD,16X12 S/D SW TRUNK ELBOW-SQ TH,NWA5A,   A,   E,EA,23.41,2,46.82,,,,,,,2,46.82,,,,,35,5.1,,EA,  N,
10,28,"Sheet  Metal, Prefab. Duct",16X12-121SD,16X12-121SD,16X12 S/D SW TRUNK ANGLE-SQR,NWA5C,   A,   E,EA,18.62,2,37.24,,,,,,,2,37.24,,,,,35,3.2,,EA,  N,
10,28,"Sheet  Metal, Prefab. Duct",16X12-122SD,16X12-122SD,16X12 S/D LW TRUNK ELBOW-SQR T,NWA5B,   A,   C,EA,29.5634,7,206.94,,,,,,,7,206.94,,,,,35,8.1,,EA,  N,
10,28,"Sheet  Metal, Prefab. Duct",16X12-123SD,16X12-123SD,16X12 S/D LW TRUNK ANGLE-SQR,NWA5D,   A,   E,EA,21.34,2,42.68,,,,,,,2,42.68,,,,,35,4.4,,EA,  N,
10,28,"Sheet  Metal, Prefab. Duct",16X12-141SD,16X12-141SD,"16X12,S/D,STR,START,COLLAR",NWA6C,   A,   D,EA,8.18,3,24.54,,,,,,,3,24.54,,,,,35,1.69,,EA,  N,
10,28,"Sheet  Metal, Prefab. Duct",16X12-187SETSD,16X12-187SETSD,16X12 S/D SET-IN CAP,NWA6A,   A,   C,EA,5.232,8,41.85,,,,,,,8,41.85,,,,,35,1.33,,EA,  N,
10,28,"Sheet  Metal, Prefab. Duct",16X12-311P,16X12-311P,16X12 GALVANIZED PLAIN REDUCER,NWA6C,   A,   E,EA,13.28,6,79.68,,,,,,,6,79.68,,,,,35,2.05,,EA,  N,
10,28,"Sheet  Metal, Prefab. Duct",16X12-70,16X12-70,16X12 S/D DUCT TO DUCT CANVAS,NWA6E,   A,   A,EA,30.274,2,60.54,,,,,,,2,60.54,,,,,35,1.8,,EA,  N,
10,28,"Sheet  Metal, Prefab. Duct",16X12X60-125SD,16X12X60-125SD,"16X12 60"" SLIDE/DRIVE",NWW6,   A,   A,EA,36.7865,19,698.94,,,,,,,19,698.94,,,4,194.85,35,19,4,EA,  N,
10,28,"Sheet  Metal, Prefab. Duct",16X16X24-WDG30,16X16X24-WDG30,"16X16X24"" GALVANIZED WEDGE",NWA5C,   A,   E,EA,25.02,6,150.12,,,,,,,6,150.12,,,,,35,5.96,,EA,  N,
10,28,"Sheet  Metal, Prefab. Duct",16X20X30-RP,16X20X30-RP,16 X 20 X 30 RETURN PLENUM,NWA6A,   A,   B,EA,90.1213,2,180.24,,,,,,,2,180.24,,,2,287.36,35,12.37,2,EA,  N,
10,28,"Sheet  Metal, Prefab. Duct",16X25X30-RP,16X25X30-RP,"16 X 25 30"" HIGH RETURN PLENUM",NWA6A,   A,   E,EA,92.9005,,,4,371.6,,,,,,,,,3,412.56,35,14,3,EA,  N,
10,28,"Sheet  Metal, Prefab. Duct",16X8-120SD,16X8-120SD,16X8 S/D SW TRUNK ELBOW -SQ TH,NWA5A,   A,   C,EA,19.14,8,153.12,,,,,,,8,153.12,,,,,35,4.1,,EA,  N,
10,28,"Sheet  Metal, Prefab. Duct",16X8-121SD,16X8-121SD,16X8 S/D SW TRUNK ANGLE -SQR,NWA5C,   A,   E,EA,15.1899,4,60.75,,,,,,,4,60.75,,,,,35,2.8,,EA,  N,
10,28,"Sheet  Metal, Prefab. Duct",16X8-122SD,16X8-122SD,16X8 S/D LW TRUNK ELBOW -SQR T,NWA5B,   A,   C,EA,24.2504,2,48.5,,,,,,,2,48.5,,,3,125.64,35,6.2,3,EA,  N,
10,28,"Sheet  Metal, Prefab. Duct",16X8-123SD,16X8-123SD,16X8 S/D LW TRUNK ANGLE -SQR,NWA5D,   A,   E,EA,17.9677,4,71.87,,,,,,,4,71.87,,,,,35,3.8,,EA,  N,
10,28,"Sheet  Metal, Prefab. Duct",16X8-141SD,16X8-141SD,"16X8,S/D,STRAIGHT,START,COLLAR",NWA6C,   A,   D,EA,6.89,3,20.67,,,,,,,3,20.67,,,2,23.56,35,1.64,2,EA,  N,
10,28,"Sheet  Metal, Prefab. Duct",16X8-187SETSD,16X8-187SETSD,16X8 S/D SET-IN CAP,NWA6B,   A,   E,EA,4.1,10,41,,,,,,,10,41,,,,,35,0.87,,EA,  N,
10,28,"Sheet  Metal, Prefab. Duct",16X8-70,16X8-70,16X8 S/D DUCT TO DUCT CANVAS,NWA6D,   A,   E,EA,23.41,2,46.82,,,,,,,2,46.82,,,,,35,1.66,,EA,  N,
10,28,"Sheet  Metal, Prefab. Duct",16X8X60-125SD40,16X8X60-125SD40,"16X8 60"" UNBOXED S/D",NWW6,   A,   B,EA,22.1944,63,1398.24,,,,,,,63,1398.24,,,12,413.88,35,17,12,EA,  N,
10,28,"Sheet  Metal, Prefab. Duct",161010-190-12,161010-190-12,"16X10 TO 10X10 S/D TR RED -12""",NWA7E,   A,   E,EA,21.57,2,43.14,,,,,,,2,43.14,,,,,35,4.2,,EA,  N,
10,28,"Sheet  Metal, Prefab. Duct",1610168-190-12,1610168-190-12,"16X10 TO 16X8 S/D TR RED - 12""",NWA7E,   A,   E,EA,19.5,2,39,,,,,,,2,39,,,,,35,4.2,,EA,  N,
10,28,"Sheet  Metal, Prefab. Duct",16108-190-12,16108-190-12,"16X8 TO 10X8 S/D TR RED - 12""",NWA7E,   A,   C,EA,20.7554,2,41.51,,,,,,,2,41.51,,,2,74.2,35,3.9,2,EA,  N,
10,28,"Sheet  Metal, Prefab. Duct",161210-190-12,161210-190-12,16X10 TO 12X10 S/D TR RED - 12,NWA7E,   A,   C,EA,23.0685,5,115.34,,,,,,,5,115.34,,,4,136.96,35,4.2,4,EA,  N,
10,28,"Sheet  Metal, Prefab. Duct",161212-190-12,161212-190-12,16X12 TO 12X12 S/D TR RED - 12,NWA7E,   A,   D,EA,27.74,2,55.48,,,,,,,2,55.48,,,,,35,4.5,,EA,  N,
10,28,"Sheet  Metal, Prefab. Duct",16121610-190-12,16121610-190-12,"16X12 TO 16X10 S/D TR RED -12""",NWA7D,   A,   E,EA,20.89,2,41.78,,,,,,,2,41.78,,,,,35,4.5,,EA,  N,
10,28,"Sheet  Metal, Prefab. Duct",1612168-190-12,1612168-190-12,"16X12 TO 16X8 S/D TR RED - 12""",NWA7D,   A,   E,EA,23.74,2,47.48,,,,,,,2,47.48,,,,,35,4.5,,EA,  N,
10,28,"Sheet  Metal, Prefab. Duct",16128-190-12,16128-190-12,"16X8 TO 12X8 S/D TR RED - 12""",NWA7E,   A,   B,EA,20.9972,3,62.99,,,,,,,3,62.99,,,3,111.3,35,3.9,3,EA,  N,
10,28,"Sheet  Metal, Prefab. Duct",161410-190-12,161410-190-12,"16X10 TO 14X10 S/D TR RED -12""",NWA7E,   A,   E,EA,23.6224,3,70.86,,,,,,,3,70.86,,,,,35,4.2,,EA,  N,
10,28,"Sheet  Metal, Prefab. Duct",161412-190-12,161412-190-12,"16X12 TO 14X12 S/D TR RED -12""",NWA7D,   A,   E,EA,20.89,2,41.78,,,,,,,2,41.78,,,,,35,4.5,,EA,  N,
10,28,"Sheet  Metal, Prefab. Duct",16148-190-12,16148-190-12,"16X8 TO 14X8 S/D TR RED - 12""",NWA7E,   A,   E,EA,20.03,2,40.06,,,,,,,2,40.06,,,,,35,3.9,,EA,  N,
10,28,"Sheet  Metal, Prefab. Duct",18-400A,18-400A,"TAKEOFF,AIRTITE,FLAT,18""",NWA1D,   A,   B,EA,20.1694,14,282.37,,,,,,,14,282.37,,,2,56.7,35,1.98,2,EA,  N,
10,28,"Sheet  Metal, Prefab. Duct",18X10-120SD,18X10-120SD,18X10 S/D SW TRUNK ELBOW-SQ TH,NWA5A,   A,   E,EA,23.1894,5,115.94,,,,,,,5,115.94,,,1,35.77,35,5.53,1,EA,  N,
10,28,"Sheet  Metal, Prefab. Duct",18X10-121SD,18X10-121SD,18X10 S/D SW TRUNK ANGLE-SQR,NWA5C,   A,   C,EA,18.1227,4,72.49,,,,,,,4,72.49,,,,,35,3.2,,EA,  N,
10,28,"Sheet  Metal, Prefab. Duct",18X10-122SD,18X10-122SD,18X10 S/D LW TRUNK ELBOW-SQR T,NWA5B,   A,   E,EA,29.1912,,,4,116.76,,,,,,,,,4,186.16,35,8.1,4,EA,  N,
10,28,"Sheet  Metal, Prefab. Duct",18X10-123SD,18X10-123SD,18X10 S/D LW TRUNK ANGLE-SQR,NWA5D,   A,   B,EA,22.15,4,88.6,,,,,,,4,88.6,,,,,35,4.4,,EA,  N,
10,28,"Sheet  Metal, Prefab. Duct",18X10-141SD,18X10-141SD,"18X10,S/D,STR,START,COLLAR",NWA6C,   A,   E,EA,7.59,4,30.36,,,,,,,4,30.36,,,,,35,1.88,,EA,  N,
10,28,"Sheet  Metal, Prefab. Duct",18X10-187SETSD,18X10-187SETSD,18X10 S/D SET-IN CAP,NWA6A,   A,   E,EA,4.6,4,18.4,10,46,,,,,4,18.4,,,4,29.2,35,1.18,4,EA,  N,
10,28,"Sheet  Metal, Prefab. Duct",18X10-70,18X10-70,18X10 S/D DUCT TO DUCT CANVAS,NWA6D,   A,   E,EA,27.29,2,54.58,,,,,,,2,54.58,,,,,35,1.94,,EA,  N,
10,28,"Sheet  Metal, Prefab. Duct",18X10X60-125S40,18X10X60-125S40,"18X10 60"" UNBOXED S/D",NWW6,   A,   A,EA,28.6996,51,1463.67,,,,,,,51,1463.67,,,8,384.12,35,19,8,EA,  N,
10,28,"Sheet  Metal, Prefab. Duct",18X12-120SD,18X12-120SD,18X12 S/D SW TRUNK ELBOW-SQ TH,NWA5A,   A,   E,EA,26.44,2,52.88,,,,,,,2,52.88,,,,,35,5.7,,EA,  N,
10,28,"Sheet  Metal, Prefab. Duct",18X12-121SD,18X12-121SD,18X12 S/D SW TRUNK ANGLE-SQR,NWA5C,   A,   E,EA,19.84,2,39.68,,,,,,,2,39.68,,,,,35,3.73,,EA,  N,
10,28,"Sheet  Metal, Prefab. Duct",18X12-122SD,18X12-122SD,18X12 S/D LW TRUNK ELBOW-SQR T,NWA5B,   A,   E,EA,29.4035,3,88.21,,,,,,,3,88.21,,,,,35,9.5,,EA,  N,
10,28,"Sheet  Metal, Prefab. Duct",18X12-123SD,18X12-123SD,18X12 S/D LW TRUNK ANGLE-SQR,NWA5D,   A,   E,EA,25.2,2,50.4,,,,,,,2,50.4,,,,,35,5.15,,EA,  N,
10,28,"Sheet  Metal, Prefab. Duct",18X12-141SD,18X12-141SD,"18X12,S/D,STR,START,COLLAR",NWA6C,   A,   E,EA,8.87,10,88.7,,,,,,,10,88.7,,,,,35,1.96,,EA,  N,
10,28,"Sheet  Metal, Prefab. Duct",18X12-187SETSD,18X12-187SETSD,18X12 S/D SET-IN CAP,NWA6A,   A,   E,EA,5.01,9,45.09,,,,,,,9,45.09,,,1,9.28,35,1.46,1,EA,  N,
10,28,"Sheet  Metal, Prefab. Duct",18X12-70,18X12-70,18X12 S/D DUCT TO DUCT CANVAS,NWA6E,   A,   A,EA,30.3817,2,60.76,,,,,,,2,60.76,,,,,35,1.94,,EA,  N,
10,28,"Sheet  Metal, Prefab. Duct",18X12X60-125SD,18X12X60-125SD,"18X12 60"" SLIDE/DRIVE",NWW6,   A,   A,EA,39.6038,45,1782.17,,,,,,,45,1782.17,,,15,811.05,35,21,15,EA,  N,
10,28,"Sheet  Metal, Prefab. Duct",18X8-120SD,18X8-120SD,18X8 S/D SW TRUNK ELBOW -SQ TH,NWA5A,   A,   E,EA,19.85,4,79.4,,,,,,,4,79.4,,,,,35,4.7,,EA,  N,
10,28,"Sheet  Metal, Prefab. Duct",18X8-121SD,18X8-121SD,18X8 S/D SW TRUNK ANGLE -SQR,NWA5C,   A,   E,EA,15.76,2,31.52,,,,,,,2,31.52,,,,,35,3,,EA,  N,
10,28,"Sheet  Metal, Prefab. Duct",18X8-122SD,18X8-122SD,18X8 S/D LW TRUNK ELBOW -SQR T,NWA5B,   A,   E,EA,25.72,2,51.44,,,,,,,2,51.44,,,,,35,7,,EA,  N,
10,28,"Sheet  Metal, Prefab. Duct",18X8-123SD,18X8-123SD,18X8 S/D LW TRUNK ANGLE -SQR,NWA5D,   A,   E,EA,17.34,2,34.68,,,,,,,2,34.68,,,,,35,3.9,,EA,  N,
10,28,"Sheet  Metal, Prefab. Duct",18X8-141SD,18X8-141SD,"18X8,S/D,STRAIGHT,START,COLLAR",NWA6C,   A,   E,EA,7.4,5,37,,,,,,,5,37,,,,,35,1.9,,EA,  N,
10,28,"Sheet  Metal, Prefab. Duct",18X8-187SETSD,18X8-187SETSD,18X8 S/D SET-IN CAP,NWA6B,   A,   E,EA,4.54,11,49.94,,,,,,,11,49.94,,,1,7.75,35,1.02,1,EA,  N,
10,28,"Sheet  Metal, Prefab. Duct",18X8-70,18X8-70,18X8 S/D DUCT TO DUCT CANVAS,NWA6D,   A,   E,EA,25.35,2,50.7,,,,,,,2,50.7,,,,,35,1.8,,EA,  N,
10,28,"Sheet  Metal, Prefab. Duct",18X8X60-125SD40,18X8X60-125SD40,"18X8 60"" UNBOXED S/D",NWW6,   A,   C,EA,23.81,35,833.35,,,,,,,35,833.35,,,3,115.32,35,18,3,EA,  N,
10,28,"Sheet  Metal, Prefab. Duct",181010-190-12,181010-190-12,"18X10 TO 10X10 S/D TR RED -12""",NWA7D,   A,   E,EA,21.895,4,87.58,,,,,,,4,87.58,,,,,35,4.5,,EA,  N,
10,28,"Sheet  Metal, Prefab. Duct",1810188-190-12,1810188-190-12,"18X10 TO 18X8 S/D TR RED - 12""",NWA7C,   A,   E,EA,20.89,2,41.78,,,,,,,2,41.78,,,,,35,4.5,,EA,  N,
10,28,"Sheet  Metal, Prefab. Duct",18108-190-12,18108-190-12,"18X8 TO 10X8 S/D TR RED - 12""",NWA7D,   A,   E,EA,19.5,2,39,,,,,,,2,39,,,,,35,4.2,,EA,  N,
10,28,"Sheet  Metal, Prefab. Duct",181210-190-12,181210-190-12,18X10 TO 12X10 S/D TR RED - 12,NWA7D,   A,   C,EA,22.3976,5,111.98,,,,,,,5,111.98,,,1,33.16,35,4.5,1,EA,  N,
10,28,"Sheet  Metal, Prefab. Duct",181212-190-12,181212-190-12,18X12 TO 12X12 S/D TR RED - 12,NWA7C,   A,   E,EA,22.35,2,44.7,,,,,,,2,44.7,,,,,35,4.8,,EA,  N,
10,28,"Sheet  Metal, Prefab. Duct",18121810-190-12,18121810-190-12,"18X12 TO 18X10 S/D TR RED -12""",NWA7C,   A,   E,EA,22.35,2,44.7,,,,,,,2,44.7,,,,,35,4.8,,EA,  N,
10,28,"Sheet  Metal, Prefab. Duct",18128-190-12,18128-190-12,"18X8 TO 12X8 S/D TR RED - 12""",NWA7D,   A,   E,EA,21.9602,4,87.84,,,,,,,4,87.84,,,,,35,4.2,,EA,  N,
10,28,"Sheet  Metal, Prefab. Duct",181410-190-12,181410-190-12,"18X10 TO 14X10 S/D TR RED -12""",NWA7D,   A,   E,EA,23.74,2,47.48,,,,,,,2,47.48,,,,,35,4.5,,EA,  N,
10,28,"Sheet  Metal, Prefab. Duct",181412-190-12,181412-190-12,"18X12 TO 14X12 S/D TR RED -12""",NWA7C,   A,   E,EA,22.35,2,44.7,,,,,,,2,44.7,,,,,35,4.8,,EA,  N,
10,28,"Sheet  Metal, Prefab. Duct",18148-190-12,18148-190-12,"18X8 TO 14X8 S/D TR RED - 12""",NWA7D,   A,   E,EA,22.54,2,45.08,,,,,,,2,45.08,,,,,35,4.2,,EA,  N,
10,28,"Sheet  Metal, Prefab. Duct",181610-190-12,181610-190-12,"18X10 TO 16X10 S/D TR RED -12""",NWA7D,   A,   E,EA,22.73,2,45.46,,,,,,,2,45.46,,,,,35,4.5,,EA,  N,
10,28,"Sheet  Metal, Prefab. Duct",181612-190-12,181612-190-12,"18X12 TO 16X12 S/D TR RED -12""",NWA7C,   A,   E,EA,22.35,2,44.7,,,,,,,2,44.7,,,,,35,4.8,,EA,  N,
10,28,"Sheet  Metal, Prefab. Duct",18168-190-12,18168-190-12,"18X8 TO 16X8 S/D TR RED - 12""",NWA7D,   A,   E,EA,22.54,2,45.08,,,,,,,2,45.08,,,,,35,4.2,,EA,  N,
10,28,"Sheet  Metal, Prefab. Duct",1978X13X36-SP,1978X13X36-SP,"19 7/8 X 13 X 36"" SUPPLY PLENU",NWA6A,   A,   E,EA,56.16,2,112.32,,,,,,,2,112.32,,,,,35,11,,EA,  N,
10,28,"Sheet  Metal, Prefab. Duct",1978X165X36-SP,1978X165X36-SP,"19 7/8 X 16 1/2 36""HIGH SUPPLY",NWA6A,   A,   E,EA,54.89,1,54.89,3,164.67,,,,,1,54.89,,,1,101.65,35,12,1,EA,  N,
10,28,"Sheet  Metal, Prefab. Duct",1978X20X36-SP,1978X20X36-SP,"19 7/8 X 20 X 36"" SUPPLY PLENU",NWA6A,   A,   C,EA,71.4486,2,142.89,,,,,,,2,142.89,,,2,229.17,35,14,2,EA,  N,
10,28,"Sheet  Metal, Prefab. Duct",2-200SD,2-200SD,"2"" S/D TRUNK REDUCER FOR 8""",NWA6F,   A,   E,EA,5.8,12,69.6,,,,,,,12,69.6,,,,,35,0.74,,EA,  N,
10,28,"Sheet  Metal, Prefab. Duct",2X10-200SD,2X10-200SD,"2"" S/D TRUNK REDUCER FOR 10""",NWA6F,   A,   C,EA,6.52,7,45.64,,,,,,,7,45.64,,,2,22.28,35,0.87,2,EA,  N,
10,28,"Sheet  Metal, Prefab. Duct",2X12-200SD,2X12-200SD,"2"" S/D TRUNK REDUCER FOR 12""",NWA6G,   A,   E,EA,6.92,11,76.12,,,,,,,11,76.12,,,,,35,1,,EA,  N,
10,28,"Sheet  Metal, Prefab. Duct",20-400A,20-400A,"TAKEOFF,AIRTITE,FLAT,20""",NWA1D,   A,   E,EA,22.4193,12,269.03,,,,,,,12,269.03,,,,,35,2.14,,EA,  N,
10,28,"Sheet  Metal, Prefab. Duct",20X10-120SD,20X10-120SD,20X10 S/D SW TRUNK ELBOW-SQ TH,NWA5A,   A,   E,EA,23.99,2,47.98,,,,,,,2,47.98,,,,,35,5.7,,EA,  N,
10,28,"Sheet  Metal, Prefab. Duct",20X10-121SD,20X10-121SD,20X10 S/D SW ANGLE ELBOW-SQR,NWA5C,   A,   E,EA,20.99,2,41.98,,,,,,,2,41.98,,,,,35,3.73,,EA,  N,
10,28,"Sheet  Metal, Prefab. Duct",20X10-122SD,20X10-122SD,20X10 S/D LW TRUNK ELBOW-SQR T,NWA5B,   A,   D,EA,32.4992,4,129.99,,,,,,,4,129.99,,,,,35,9.5,,EA,  N,
10,28,"Sheet  Metal, Prefab. Duct",20X10-123SD,20X10-123SD,20X10 S/D LW TRUNK ANGLE-SQR,NWA5D,   A,   E,EA,22.97,2,45.94,,,,,,,2,45.94,,,,,35,5.15,,EA,  N,
10,28,"Sheet  Metal, Prefab. Duct",20X10-141SD,20X10-141SD,"20X10,S/D,STR,START,COLLAR",NWA6C,   A,   E,EA,7.98,4,31.92,,,,,,,4,31.92,,,,,35,1.9,,EA,  N,
10,28,"Sheet  Metal, Prefab. Duct",20X10-187SETSD,20X10-187SETSD,20X10 S/D SET-IN CAP,NWA6A,   A,   C,EA,5.01,6,30.06,,,,,,,6,30.06,,,3,26.42,35,1.34,3,EA,  N,
10,28,"Sheet  Metal, Prefab. Duct",20X10-70,20X10-70,20X10 S/D DUCT TO DUCT CANVAS,NWA6D,   A,   E,EA,29.26,2,58.52,,,,,,,2,58.52,,,,,35,2.08,,EA,  N,
10,28,"Sheet  Metal, Prefab. Duct",20X10X60-125SD40,20X10X60-125SD40,"20X10 60"" UNBOXED S/D",NWW6,   A,   A,EA,32.1991,44,1416.76,,,,,,,44,1416.76,,,14,665.42,35,21,14,EA,  N,
10,28,"Sheet  Metal, Prefab. Duct",20X12-120SD,20X12-120SD,20X12 S/D SW TRUNK ELBOW-SQ TH,NWA5A,   A,   E,EA,28.1778,4,112.71,,,,,,,4,112.71,,,,,35,6,,EA,  N,
10,28,"Sheet  Metal, Prefab. Duct",20X12-121SD,20X12-121SD,20X12 S/D SW TRUNK ANGLE-SQR,NWA5C,   A,   E,EA,24.18,2,48.36,,,,,,,2,48.36,,,,,35,3.7,,EA,  N,
10,28,"Sheet  Metal, Prefab. Duct",20X12-122SD,20X12-122SD,20X12 S/D LW TRUNK ELBOW-SQR T,NWA5B,   A,   E,EA,30.7005,4,122.8,,,,,,,4,122.8,,,,,35,10.4,,EA,  N,
10,28,"Sheet  Metal, Prefab. Duct",20X12-123SD,20X12-123SD,20X12 S/D LW TRUNK ANGLE-SQR T,NWA5D,   A,   E,EA,24.97,2,49.94,,,,,,,2,49.94,,,,,35,6.2,,EA,  N,
10,28,"Sheet  Metal, Prefab. Duct",20X12-141SD,20X12-141SD,"20X12,S/D,STR,START,COLLAR",NWA6C,   A,   E,EA,9.12,4,36.48,,,,,,,4,36.48,,,1,16.88,35,2.02,1,EA,  N,
10,28,"Sheet  Metal, Prefab. Duct",20X12-187SETSD,20X12-187SETSD,20X12 S/D SET-IN CAP,NWA6A,   A,   D,EA,5.54,8,44.32,,,,,,,8,44.32,,,1,10.27,35,1.59,1,EA,  N,
10,28,"Sheet  Metal, Prefab. Duct",20X12-70,20X12-70,20X12 S/D DUCT TO DUCT CANVAS,NWA6E,   A,   E,EA,31.25,2,62.5,,,,,,,2,62.5,,,,,35,2.08,,EA,  N,
10,28,"Sheet  Metal, Prefab. Duct",20X12X60-125SD,20X12X60-125SD,"20X12 60"" SLIDE/DRIVE",NWW6,   A,   A,EA,41.0326,38,1559.23,,,,,,,38,1559.23,,,23,1406.49,35,22,23,EA,  N,
10,28,"Sheet  Metal, Prefab. Duct",20X20X30-RP,20X20X30-RP,"20 X 20 X 30"" RETURN PLENUM",NWA6A,   A,   E,EA,79.83,2,159.66,,,,,,,2,159.66,,,,,35,14,,EA,  N,
10,28,"Sheet  Metal, Prefab. Duct",20X20X6-317,20X20X6-317,"PAN,BLANK,20X20,6"" DEEP",NWA6C,   A,   C,EA,21.71,4,86.84,,,,,,,4,86.84,,,,,35,0,,EA,,
10,28,"Sheet  Metal, Prefab. Duct",20X25X30-RP,20X25X30-RP,"20 X 25 30"" HIGH RETURN PLENUM",NWA6A,   A,   C,EA,99.4826,3,298.44,,,,,,,3,298.44,,,,,35,15,,EA,  N,
10,28,"Sheet  Metal, Prefab. Duct",20X8-120SD,20X8-120SD,20X8 S/D SW TRUNK ELBOW -SQ TH,NWA5A,   A,   E,EA,21.58,2,43.16,,,,,,,2,43.16,,,,,35,5.1,,EA,  N,
10,28,"Sheet  Metal, Prefab. Duct",20X8-121SD,20X8-121SD,20X8 S/D SW TRUNK ANGLE -SQR,NWA5C,   A,   E,EA,17.34,2,34.68,,,,,,,2,34.68,,,,,35,3.2,,EA,  N,
10,28,"Sheet  Metal, Prefab. Duct",20X8-122SD,20X8-122SD,20X8 S/D LW TRUNK ELBOW -SQR T,NWA5B,   A,   E,EA,28.59,2,57.18,,,,,,,2,57.18,,,,,35,8.1,,EA,  N,
10,28,"Sheet  Metal, Prefab. Duct",20X8-123SD,20X8-123SD,20X8 S/D LW TRUNK ANGLE -SQR,NWA5D,   A,   E,EA,21.58,2,43.16,,,,,,,2,43.16,,,,,35,4.4,,EA,  N,
10,28,"Sheet  Metal, Prefab. Duct",20X8-141SD,20X8-141SD,"20X8,S/D,STRAIGHT,START,COLLAR",NWA6C,   A,   E,EA,7.71,6,46.26,,,,,,,6,46.26,,,,,35,1.8,,EA,  N,
10,28,"Sheet  Metal, Prefab. Duct",20X8-187SETSD,20X8-187SETSD,20X8 S/D SET-IN CAP,NWA6A,   A,   E,EA,4.55,10,45.5,,,,,,,10,45.5,,,,,35,1.07,,EA,  N,
10,28,"Sheet  Metal, Prefab. Duct",20X8-70,20X8-70,20X8 S/D DUCT TO DUCT CANVAS C,NWA6D,   A,   E,EA,27.29,2,54.58,,,,,,,2,54.58,,,,,35,1.94,,EA,  N,
10,28,"Sheet  Metal, Prefab. Duct",20X8X60-125SD40,20X8X60-125SD40,"20X8 60"" UNBOXED S/D",NWW6,   A,   B,EA,25.01,32,800.32,,,,,,,32,800.32,,,8,331.76,35,19,8,EA,  N,
10,28,"Sheet  Metal, Prefab. Duct",2010208-190-12,2010208-190-12,"20X10 TO 20X8 S/D TR RED - 12""",NWA7B,   A,   E,EA,22.35,2,44.7,,,,,,,2,44.7,,,,,35,4.8,,EA,  N,
10,28,"Sheet  Metal, Prefab. Duct",20122010-190-12,20122010-190-12,"20X12 TO 20X10 S/D TR RED -12""",NWA7B,   A,   D,EA,25.4567,1,25.45,2,50.91,,,,,1,25.45,,,3,131.91,35,5.1,3,EA,  N,
10,28,"Sheet  Metal, Prefab. Duct",201410-190-12,201410-190-12,"20X10 TO 14X10 S/D TR RED -12""",NWA7C,   A,   D,EA,26.8656,6,161.19,,,,,,,6,161.19,,,2,79.54,35,4.8,2,EA,  N,
10,28,"Sheet  Metal, Prefab. Duct",201412-190-12,201412-190-12,"20X12 TO 14X12 S/D TR RED -12""",NWA7B,   A,   D,EA,25.4567,2,50.91,,,,,,,2,50.91,,,2,87.94,35,5.1,2,EA,  N,
10,28,"Sheet  Metal, Prefab. Duct",20148-190-12,20148-190-12,"20X8 TO 14X8 S/D TR RED - 12""",NWA7C,   A,   E,EA,22.73,2,45.46,,,,,,,2,45.46,,,,,35,4.5,,EA,  N,
10,28,"Sheet  Metal, Prefab. Duct",201610-190-12,201610-190-12,20X10 TO 16X10 S/D TR RED - 12,NWA7C,   A,   C,EA,26.7452,5,133.72,,,,,,,5,133.72,,,2,79.54,35,4.8,2,EA,  N,
10,28,"Sheet  Metal, Prefab. Duct",201612-190-12,201612-190-12,"20X12 TO 16X12 S/D TR RED -12""",NWA7B,   A,   E,EA,23.74,2,47.48,,,,,,,2,47.48,,,,,35,5.1,,EA,  N,
10,28,"Sheet  Metal, Prefab. Duct",20168-190-12,20168-190-12,"20X8 TO 16X8 S/D TR RED - 12""",NWA7C,   A,   D,EA,24.5983,2,49.19,,,,,,,2,49.19,,,2,87.94,35,4.5,2,EA,  N,
10,28,"Sheet  Metal, Prefab. Duct",201810-190-12,201810-190-12,"20X10 TO 18X10 S/D TR RED -12""",NWA7B,   A,   E,EA,23.98,2,47.96,,,,,,,2,47.96,,,,,35,4.8,,EA,  N,
10,28,"Sheet  Metal, Prefab. Duct",201812-190-12,201812-190-12,"20X12 TO 18X12 S/D TR RED -12""",NWA7B,   A,   E,EA,23.74,2,47.48,,,,,,,2,47.48,,,,,35,5.1,,EA,  N,
10,28,"Sheet  Metal, Prefab. Duct",20188-190-12,20188-190-12,"20X8 TO 18X8 S/D TR RED - 12""",NWA7C,   A,   E,EA,20.89,2,41.78,,,,,,,2,41.78,,,,,35,4.5,,EA,  N,
10,28,"Sheet  Metal, Prefab. Duct",2020X2023-TBF4,2020X2023-TBF4,"PLENUM,TRANSITION, C-->D",NWA6C,   A,   E,EA,8.99,7,62.93,,,,,,,7,62.93,,,,,35,0,,EA,,
10,28,"Sheet  Metal, Prefab. Duct",2275X2275-320NO,2275X2275-320NO,22 3/4 X 22 3/4 CEILING BOX,NWA2D,   A,   C,EA,27.1358,19,515.58,,,,,,,19,515.58,,,,,35,5,,EA,  N,
10,28,"Sheet  Metal, Prefab. Duct",2278X1858X36-SP,2278X1858X36-SP,"22 7/8 X 18 5/8 X 36"" SUPPLY",NWA6A,   A,   E,EA,69.11,2,138.22,,,,,,,2,138.22,,,,,35,14.67,,EA,  N,
10,28,"Sheet  Metal, Prefab. Duct",24X10-CABUMA,24X10-CABUMA,"24X10 36"" CAB UNIV",NWW6,   A,   B,EA,112.19,2,224.38,,,,,,,2,224.38,,,,,35,12,,EA,  N,
10,28,"Sheet  Metal, Prefab. Duct",24X10-120SD,24X10-120SD,24X10 S/D SW TRUNK ELBOW-SQ TH,NWA5A,   A,   C,EA,28.6219,4,114.48,,,,,,,4,114.48,,,2,70,35,6.47,2,EA,  N,
10,28,"Sheet  Metal, Prefab. Duct",24X10-121SD,24X10-121SD,24X10 S/D SW TRUNK ANGLE-SQR,NWA5C,   A,   E,EA,24.49,2,48.98,,,,,,,2,48.98,,,,,35,4,,EA,  N,
10,28,"Sheet  Metal, Prefab. Duct",24X10-122SD,24X10-122SD,24X10 S/D LW TRUNK ELBOW-SQR T,NWA5B,   A,   C,EA,41.6598,2,83.31,,,,,,,2,83.31,,,2,114,35,11,2,EA,  N,
10,28,"Sheet  Metal, Prefab. Duct",24X10-123SD,24X10-123SD,24X10 S/D LW TRUNK ANGLE-SQR,NWA5D,   A,   E,EA,27.55,2,55.1,,,,,,,2,55.1,,,,,35,6.6,,EA,  N,
10,28,"Sheet  Metal, Prefab. Duct",24X10-141SD,24X10-141SD,"24X10,S/D,STR,START,COLLAR",NWA6C,   A,   E,EA,8.41,5,42.05,,,,,,,5,42.05,,,,,35,2.14,,EA,  N,
10,28,"Sheet  Metal, Prefab. Duct",24X10-187SETSD,24X10-187SETSD,24X10 S/D SET-IN CAP,NWA6A,   A,   D,EA,4.01,8,32.08,,,,,,,8,32.08,,,,,35,1.58,,EA,  N,
10,28,"Sheet  Metal, Prefab. Duct",24X10-70,24X10-70,24X10 S/D DUCT TO DUCT CANVAS,NWA6D,   A,   E,EA,33.18,1,33.18,,,,,,,1,33.18,,,,,35,2.36,,EA,  N,
10,28,"Sheet  Metal, Prefab. Duct",24X10X60-125SD30,24X10X60-125SD30,"24X10 60"" SLIDE/DRIVE",NWW6,   A,   B,EA,37.862,48,1817.37,,,,,,,48,1817.37,,,4,224.6,35,23,4,EA,  N,
10,28,"Sheet  Metal, Prefab. Duct",24X12-CABUMA,24X12-CABUMA,"24X12 36"" CAB UNIV",NWW6,   A,   C,EA,105.8322,3,317.49,,,,,,,3,317.49,,,,,35,12,,EA,  N,
10,28,"Sheet  Metal, Prefab. Duct",24X12-120SD,24X12-120SD,24X12 S/D SW TRUNK ELBOW-SQ TH,NWA5A,   A,   E,EA,29.47,4,117.88,,,,,,,4,117.88,,,,,35,7,,EA,  N,
10,28,"Sheet  Metal, Prefab. Duct",24X12-121SD,24X12-121SD,24X12 S/D SW TRUNK ANGLE-SQR,NWA5C,   A,   E,EA,24.97,2,49.94,,,,,,,2,49.94,,,,,35,4.2,,EA,  N,
10,28,"Sheet  Metal, Prefab. Duct",24X12-122SD,24X12-122SD,24X12 S/D LW TRUNK ELBOW-SQR T,NWA5B,   A,   E,EA,34.1779,3,102.53,,,,,,,3,102.53,,,,,35,11.5,,EA,  N,
10,28,"Sheet  Metal, Prefab. Duct",24X12-123SD,24X12-123SD,24X12 S/W LW TRUNK ANGLE-SQR,NWA5D,   A,   E,EA,29.04,2,58.08,,,,,,,2,58.08,,,,,35,6.8,,EA,  N,
10,28,"Sheet  Metal, Prefab. Duct",24X12-141SD,24X12-141SD,"24X12,S/D,STR,START,COLLAR",NWA6C,   A,   E,EA,8.9262,,,5,44.63,,,,,,,,,,,35,2.54,4,EA,  N,
10,28,"Sheet  Metal, Prefab. Duct",24X12-187SETSD,24X12-187SETSD,24X12 S/D SET-IN CAP,NWA6A,   A,   C,EA,5.64,8,45.12,,,,,,,8,45.12,,,,,35,1.92,,EA,  N,
10,28,"Sheet  Metal, Prefab. Duct",24X12-70,24X12-70,24X12 S/D DUCT TO DUCT CANVAS,NWA6E,   A,   E,EA,44.74,2,89.48,,,,,,,2,89.48,,,,,35,2.36,,EA,  N,
10,28,"Sheet  Metal, Prefab. Duct",24X12X60-125SD,24X12X60-125SD,"24X12 60"" SLIDE/DRIVE",NWW6,   A,   A,EA,47.6609,28,1334.5,,,,,,,28,1334.5,,,7,459.13,35,24,7,EA,  N,
10,28,"Sheet  Metal, Prefab. Duct",24X25X30-RP,24X25X30-RP,"24 X 25 X 30"" HIGH RETURN PLEN",NWA6A,   A,   E,EA,113.35,2,226.7,,,,,,,2,226.7,,,,,35,16,,EA,  N,
10,28,"Sheet  Metal, Prefab. Duct",24X8-CABUMA,24X8-CABUMA,"24X8 36"" CAB UNIV",NWW6,   A,   C,EA,105.8322,3,317.49,,,,,,,3,317.49,,,,,35,12,,EA,  N,
10,28,"Sheet  Metal, Prefab. Duct",24X8-120SD,24X8-120SD,24X8 S/D SW TRUNK ELBOW -SQ TH,NWA5A,   A,   E,EA,24.97,2,49.94,,,,,,,2,49.94,,,,,35,5.7,,EA,  N,
10,28,"Sheet  Metal, Prefab. Duct",24X8-121SD,24X8-121SD,24X8 S/D SW TRUNK ANGLE -SQR,NWA5C,   A,   E,EA,20.12,2,40.24,,,,,,,2,40.24,,,,,35,3.7,,EA,  N,
10,28,"Sheet  Metal, Prefab. Duct",24X8-122SD,24X8-122SD,24X8 S/D LW TRUNK ELBOW -SQR T,NWA5B,   A,   E,EA,36.84,2,73.68,,,,,,,2,73.68,,,,,35,10.4,,EA,  N,
10,28,"Sheet  Metal, Prefab. Duct",24X8-123SD,24X8-123SD,24X8 S/D LW TRUNK ANGLE -SQR,NWA5D,   A,   E,EA,24.71,2,49.42,,,,,,,2,49.42,,,,,35,6.2,,EA,  N,
10,28,"Sheet  Metal, Prefab. Duct",24X8-141SD,24X8-141SD,"24X8,S/D,STRAIGHT,START,COLLAR",NWA6C,   A,   E,EA,8.01,5,40.05,,,,,,,5,40.05,,,,,35,2.12,,EA,  N,
10,28,"Sheet  Metal, Prefab. Duct",24X8-187SETSD,24X8-187SETSD,24X8 S/D SET-IN CAP,NWA6A,   A,   E,EA,5.4,10,54,,,,,,,10,54,,,,,35,1.27,,EA,  N,
10,28,"Sheet  Metal, Prefab. Duct",24X8-70,24X8-70,24X8 S/D DUCT TO DUCT CANVAS,NWA6D,   A,   E,EA,31.25,4,125,,,,,,,4,125,,,,,35,2.22,,EA,  N,
10,28,"Sheet  Metal, Prefab. Duct",24X8X60-125SD30,24X8X60-125SD30,"24X8 60"" UNBOXED S/D",NWW6,   A,   B,EA,29.69,24,712.56,,,,,,,24,712.56,,,3,144.12,35,22,3,EA,  N,
10,28,"Sheet  Metal, Prefab. Duct",2410248-190-12,2410248-190-12,"24X10 TO 24X8 S/D TR RED - 12""",NWA7A,   A,   E,EA,26.87,2,53.74,,,,,,,2,53.74,,,,,35,5.4,,EA,  N,
10,28,"Sheet  Metal, Prefab. Duct",24122410-190-12,24122410-190-12,"24X12 TO 24X10 S/D TR RED -12""",NWA7A,   A,   E,EA,29.9,2,59.8,,,,,,,2,59.8,,,,,35,5.7,,EA,  N,
10,28,"Sheet  Metal, Prefab. Duct",2412248-190-12,2412248-190-12,"24X12 TO 24X8 S/D TR RED - 12""",NWA7A,   A,   E,EA,29.89,2,59.78,,,,,,,2,59.78,,,,,35,5.7,,EA,  N,
10,28,"Sheet  Metal, Prefab. Duct",241610-190-12,241610-190-12,"24X10 TO 16X10 S/D TR RED -12""",NWA7B,   A,   E,EA,25.06,2,50.12,,,,,,,2,50.12,,,,,35,5.4,,EA,  N,
10,28,"Sheet  Metal, Prefab. Duct",241612-190-12,241612-190-12,24X12 TO 16X12 S/D TR RED - 12,NWA7A,   A,   E,EA,26.57,2,53.14,,,,,,,2,53.14,,,,,35,5.7,,EA,  N,
10,28,"Sheet  Metal, Prefab. Duct",24168-190-12,24168-190-12,"24X8 TO 16X8 S/D TR RED - 12""",NWA7B,   A,   E,EA,28.09,2,56.18,,,,,,,2,56.18,,,,,35,5.1,,EA,  N,
10,28,"Sheet  Metal, Prefab. Duct",241810-190-12,241810-190-12,"24X10 TO 18X10 S/D TR RED -12""",NWA7A,   A,   E,EA,26.87,2,53.74,,,,,,,2,53.74,,,,,35,5.4,,EA,  N,
10,28,"Sheet  Metal, Prefab. Duct",241812-190-12,241812-190-12,"24X12 TO 18X12 S/D TR RED -12""",NWA7A,   A,   E,EA,26.57,2,53.14,,,,,,,2,53.14,,,,,35,5.7,,EA,  N,
10,28,"Sheet  Metal, Prefab. Duct",24188-190-12,24188-190-12,"24X8 TO 18X8 S/D TR RED - 12""",NWA7B,   A,   E,EA,23.74,2,47.48,,,,,,,2,47.48,,,,,35,5.1,,EA,  N,
10,28,"Sheet  Metal, Prefab. Duct",242010-190-12,242010-190-12,"24X10 TO 20X10 S/D TR RED -12""",NWA7A,   A,   E,EA,28.1601,3,84.48,,,,,,,3,84.48,,,1,42.64,35,5.4,1,EA,  N,
10,28,"Sheet  Metal, Prefab. Duct",242012-190-12,242012-190-12,"24X12 TO 20X12 S/D TR RED -12""",NWA7A,   A,   E,EA,26.57,2,53.14,,,,,,,2,53.14,,,,,35,5.7,,EA,  N,
10,28,"Sheet  Metal, Prefab. Duct",24208-190-12,24208-190-12,"24X8 TO 20X8 S/D TR RED - 12""",NWA7B,   A,   E,EA,27.2781,3,81.83,,,,,,,3,81.83,,,1,48.75,35,5.1,1,EA,  N,
10,28,"Sheet  Metal, Prefab. Duct",245X245X6-320NO,245X245X6-320NO,24 1/2 X 24 1/2 CEILING BOX W/,NWA2D,   A,   E,EA,30.38,2,60.76,,,,,,,2,60.76,,,,,35,4.5,,EA,  N,
10,28,"Sheet  Metal, Prefab. Duct",3-801,3-801,"ALUM FLEX 3"" X 8' LG",,   A,   C,EA,5.8672,25,146.68,,,,,,,25,146.68,,,,,35,0,,EA,,
10,28,"Sheet  Metal, Prefab. Duct",4-200SD,4-200SD,"4"" S/D TRUNK REDUCER FOR 8""",NWA6F,   A,   E,EA,6.04,12,72.48,,,,,,,12,72.48,,,,,35,0.85,,EA,  N,
10,28,"Sheet  Metal, Prefab. Duct",4-30-302,4-30-302,"4"" 30GA GALV 90* ADJ ELBOW",NWW4,   A,   A,EA,1.8705,168,314.24,,,,,12,22.44,156,291.79,,,52,124.43,35,0.54,52,EA,  N,
10,28,"Sheet  Metal, Prefab. Duct",4-400A,4-400A,"TAKEOFF,AIRTITE,FLAT,4""",NWA1D,   A,   D,EA,5.8298,21,122.42,,,,,,,21,122.42,,,,,35,0.61,,EA,  N,
10,28,"Sheet  Metal, Prefab. Duct",4-400AD,4-400AD,"TAKEOFF,AIRTITE,FLAT,W/DAMP,4""",NWA1A,   A,   C,EA,7.8501,41,321.85,,,,,7,54.95,34,266.9,,,1,11.96,35,0.75,1,EA,  N,
10,28,"Sheet  Metal, Prefab. Duct",4-406AD,4-406AD,"4"" RND ADH SADDLE STYLE",NWA1B,   A,   C,EA,8.8912,34,302.3,,,,,,,34,302.3,,,1,12.53,35,0.55,1,EA,  N,
10,28,"Sheet  Metal, Prefab. Duct",4-801,4-801,"ALUM FLEX 4"" X 8' LG",,   A,   D,EA,7.3629,30,220.88,,,,,,,30,220.88,,,2,18.6,35,0,2,EA,,
10,28,"Sheet  Metal, Prefab. Duct",4X10-200SD,4X10-200SD,"4"" S/D TRUNK REDUCER FOR 10""",NWA6F,   A,   E,EA,6.92,12,83.04,,,,,,,12,83.04,,,,,35,0.88,,EA,  N,
10,28,"Sheet  Metal, Prefab. Duct",4X12-200SD,4X12-200SD,"4"" S/D TRUNK REDUCER FOR 12""",NWA6G,   A,   E,EA,7.18,12,86.16,,,,,,,12,86.16,,,,,35,1,,EA,  N,
10,28,"Sheet  Metal, Prefab. Duct",4X3-311P,4X3-311P,4X3 GALVANIZED PLAIN REDUCER,NWA6A,   A,   B,EA,4.439,36,159.8,,,,,,,36,159.8,,,,,35,0.44,,EA,  N,
10,28,"Sheet  Metal, Prefab. Duct",4X4X4-306ST,4X4X4-306ST,"4X4X4,TAPERED FLUE WYE24"" PIPE",NWW6,   A,   B,EA,20.39,9,183.51,,,,,,,9,183.51,,,1,37.77,35,2,1,EA,  N,
10,28,"Sheet  Metal, Prefab. Duct",5-161A,5-161A,"5"" #161A TOP TAKEOFF W\ ADHESI",NWA1D,   A,   E,EA,6.28,11,69.08,,,,,,,11,69.08,,,,,35,0.76,,EA,  N,
10,28,"Sheet  Metal, Prefab. Duct",5-26-301,5-26-301,"PIPE,OVAL,5""X5',26GA",,   A,   E,EA,7.17,,,,,,,,,,,,,,,35,0,,EA,,
10,28,"Sheet  Metal, Prefab. Duct",5-400A,5-400A,"TAKEOFF,AIRTITE,FLAT,5""",NWA1D,   A,   C,EA,5.3962,22,118.71,,,,,,,22,118.71,,,,,35,0.77,,EA,  N,
10,28,"Sheet  Metal, Prefab. Duct",5-400AD,5-400AD,"TAKEOFF,AIRTITE,FLAT,W/DAMP,5""",NWA1A,   A,   B,EA,7.4523,45,335.35,,,,,1,7.45,44,327.9,,,11,115.15,35,0.91,11,EA,  N,
10,28,"Sheet  Metal, Prefab. Duct",5-406AD,5-406AD,"5"" RND ADH SADDLE STYLE",NWA1B,   A,   B,EA,8.742,13,113.64,,,,,6,52.45,7,61.19,,,13,149.73,35,0.68,13,EA,  N,
10,28,"Sheet  Metal, Prefab. Duct",5-501-0,5-501-0,"5"" X 100"" OVAL PIPE",NWW6,   A,   A,EA,10.982,105,1153.11,,,,,,,105,1153.11,,,5,76.35,35,5.88,5,EA,  N,
10,28,"Sheet  Metal, Prefab. Duct",5-503-0F,5-503-0F,"5"" FLAT OVAL ANGLE",NWA4E,   A,   D,EA,3.6,10,36,,,,,,,10,36,,,,,35,0.39,,EA,  N,
10,28,"Sheet  Metal, Prefab. Duct",5-505-NC,5-505-NC,"5""  RND TO OVAL 90* BOOT",NWA4A,   A,   C,EA,4.3653,20,87.3,,,,,,,20,87.3,,,1,6.21,35,0.97,1,EA,  N,
10,28,"Sheet  Metal, Prefab. Duct",5-801,5-801,"ALUM FLEX 5"" X 8' LG",,   A,   C,EA,9.1675,9,82.5,,,,,,,9,82.5,,,,,35,0,,EA,,
10,28,"Sheet  Metal, Prefab. Duct",5X3-311P,5X3-311P,5X3 GALVANIZED PLAIN REDUCER,NWA6A,   A,   E,EA,4.14,12,49.68,,,,,,,12,49.68,,,,,35,0.46,,EA,  N,
10,28,"Sheet  Metal, Prefab. Duct",5X4X4-306,5X4X4-306,"WYE,FLUE,5X4X4",NWA3C,   A,   C,EA,17.3217,11,190.53,,,,,,,11,190.53,,,2,51.24,35,0,2,EA,,
10,28,"Sheet  Metal, Prefab. Duct",5X5X5-306ST,5X5X5-306ST,"5X5X5 TAPERED FLUE WYE24"" PIPE",NWW6,   A,   E,EA,22.32,12,267.84,,,,,,,12,267.84,,,,,35,2.5,,EA,  N,
10,28,"Sheet  Metal, Prefab. Duct",6-161A,6-161A,"6""  TOP TAKEOFF W/ADHESIVE",NWA1D,   A,   C,EA,6.26,8,50.08,,,,,,,8,50.08,,,,,35,0.9,,EA,  N,
10,28,"Sheet  Metal, Prefab. Duct",6-200SD,6-200SD,"6"" S/D TRUNK REDUCER FOR 8""",NWA6F,   A,   E,EA,6.45,12,77.4,,,,,,,12,77.4,,,,,35,0.91,,EA,  N,
10,28,"Sheet  Metal, Prefab. Duct",6-400A,6-400A,"TAKEOFF,AIRTITE,FLAT,6""",NWA1D,   A,   D,EA,5.0804,50,254.02,,,,,,,50,254.02,,,2,17.6,35,0.87,48,EA,  N,
10,28,"Sheet  Metal, Prefab. Duct",6-400AD,6-400AD,"TAKEOFF,AIRTITE,FLAT,W/DAMP,6""",NWA1A,   A,   A,EA,7.6234,90,686.1,,,,,11,83.85,79,602.24,,,63,633.64,35,1.03,63,EA,  N,
10,28,"Sheet  Metal, Prefab. Duct",6-406AD,6-406AD,"6"" RND ADH SADDLE STYLE",NWA1B,   A,   A,EA,9.071,63,571.47,,,,,3,27.21,60,544.26,,,162,1882.49,35,0.82,150,EA,  N,
10,28,"Sheet  Metal, Prefab. Duct",6-500-0,6-500-0,"PIPE,OVAL,6""X60""",NWW6,   A,   A,EA,10.3024,185,1905.94,,,,,,,185,1905.94,,,25,342.8,35,4.12,25,EA,  N,
10,28,"Sheet  Metal, Prefab. Duct",6-503-0F,6-503-0F,"6"" FLAT OVAL ANGLE",NWA4E,   A,   B,EA,2.952,32,94.46,,,,,,,32,94.46,,,6,31.92,35,0.56,6,EA,  N,
10,28,"Sheet  Metal, Prefab. Duct",6-505-NC,6-505-NC,"6"" #505 NO CRIMP RD/OVAL",NWA4A,   A,   A,EA,4.7478,28,132.93,,,,,,,28,132.93,,,48,306,35,1.09,48,EA,  N,
10,28,"Sheet  Metal, Prefab. Duct",6-513-0,6-513-0,"6"" OVAL COLLAR W/CRIMP",,   A,   C,EA,1.8045,,,24,43.3,24,43.3,,,,,,,,,35,0,,EA,,
10,28,"Sheet  Metal, Prefab. Duct",6-801,6-801,"ALUM FLEX 6"" X 8' LG",,   A,   C,EA,11.1843,9,100.65,,,,,,,9,100.65,,,,,35,0,,EA,,
10,28,"Sheet  Metal, Prefab. Duct",6X10-200SD,6X10-200SD,"6"" S/D TRUNK REDUCER FOR 10""",NWA6F,   A,   E,EA,6.92,12,83.04,,,,,,,12,83.04,,,,,35,1.13,,EA,  N,
10,28,"Sheet  Metal, Prefab. Duct",6X10X6-320NO,6X10X6-320NO,6X10 CEILING BOX W/ NO OUTLET,NWA2C,   A,   D,EA,12.64,11,139.04,,,,,,,11,139.04,,,,,35,1.1,,EA,  N,
10,28,"Sheet  Metal, Prefab. Duct",6X12-200SD,6X12-200SD,"6"" S/D TRUNK REDUCER FOR 12""",NWA6G,   A,   E,EA,7.62,12,91.44,,,,,,,12,91.44,,,,,35,1.44,,EA,  N,
10,28,"Sheet  Metal, Prefab. Duct",6X12X6-320NO,6X12X6-320NO,6X12 CEILING BOX W/ NO OUTLET,NWA2C,   A,   E,EA,13.09,18,235.62,,,,,,,18,235.62,,,,,35,1.2,,EA,  N,
10,28,"Sheet  Metal, Prefab. Duct",6X3-311P,6X3-311P,6X3 GALVANIZED PLAIN REDUCER,NWA6A,   A,   E,EA,4.5,12,54,,,,,,,12,54,,,,,35,0.63,,EA,  N,
10,28,"Sheet  Metal, Prefab. Duct",6X4-311P,6X4-311P,6X4 GALVANIZED PLAIN REDUCER,NWA6A,   A,   B,EA,4.85,18,87.3,,,,,,,18,87.3,,,3,24.24,35,0.63,3,EA,  N,
10,28,"Sheet  Metal, Prefab. Duct",6X4X4-306,6X4X4-306,"WYE,FLUE,6X4X4",NWA3C,   A,   E,EA,10.53,1,10.53,,,,,,,1,10.53,,,1,13.91,35,0,1,EA,,
10,28,"Sheet  Metal, Prefab. Duct",6X6X12-320NO,6X6X12-320NO,"BLANK BOX 6X6 12"" DEEP",,   A,   C,EA,13.7416,12,164.89,,,,,,,12,164.89,,,,,35,0,,EA,,
10,28,"Sheet  Metal, Prefab. Duct",6X6X4-320S,6X6X4-320S,"6X6X4,#320,SIDE,OUTLET,BOX",NWA2B,   A,   C,EA,8.4802,18,152.64,12,101.76,,,,,18,152.64,,,2,23.98,35,1.01,2,EA,  N,
10,28,"Sheet  Metal, Prefab. Duct",6X6X4-320T,6X6X4-320T,"6X6X4,#320T,TOP,DIFFUSER,BOX",NWA2A,   A,   B,EA,7.9317,13,103.11,,,,,,,13,103.11,,,3,33.93,35,1.01,3,EA,  N,
10,28,"Sheet  Metal, Prefab. Duct",6X6X5-320S,6X6X5-320S,"6X6X5,#320S,SIDE,OUTLET,BOX",NWA2B,   A,   B,EA,8.0162,15,120.24,,,,,,,15,120.24,,,3,35.29,35,1.2,3,EA,  N,
10,28,"Sheet  Metal, Prefab. Duct",6X6X5-320T,6X6X5-320T,"6X6X5,#320,TOP,DIFFUSER,BOX",NWA2A,   A,   C,EA,7.44,20,148.8,,,,,6,44.64,14,104.16,,,2,28.5,35,1.03,2,EA,  N,
10,28,"Sheet  Metal, Prefab. Duct",6X6X6-306ST,6X6X6-306ST,"6X6X6 TAPERED FLUE WYE 24"" PIP",NWW6,   A,   C,EA,19.99,11,219.89,,,,,,,11,219.89,,,,,35,3,,EA,  N,
10,28,"Sheet  Metal, Prefab. Duct",6X6X6-320S,6X6X6-320S,"6X6X6,#320S,SIDE,OUTLET,BOX",NWA2B,   A,   E,EA,7.83,12,93.96,,,,,,,12,93.96,,,,,35,1.21,,EA,  N,
10,28,"Sheet  Metal, Prefab. Duct",6X6X6-320T,6X6X6-320T,"6X6X6,#320,TOP,DIFFUSER,BOX",NWA2A,   A,   C,EA,7.7348,11,85.08,12,92.81,,,2,15.46,9,69.61,,,1,10.74,35,1.05,1,EA,  N,
10,28,"Sheet  Metal, Prefab. Duct",7-161A,7-161A,"7"" #161A TOP TAKEOFF W\ ADHESI",NWA1D,   A,   E,EA,8.67,12,104.04,,,,,,,12,104.04,,,,,35,1.05,,EA,  N,
10,28,"Sheet  Metal, Prefab. Duct",7-400A,7-400A,"TAKEOFF,AIRTITE,FLAT,7""",NWA1D,   A,   E,EA,5.27,30,158.1,,,,,,,30,158.1,,,4,30.6,35,2,34,EA,  N,
10,28,"Sheet  Metal, Prefab. Duct",7-400AD,7-400AD,"TAKEOFF,AIRTITE,FLAT,W/DAMP,7""",NWA1A,   A,   A,EA,8.1691,106,865.92,,,,,6,49.01,100,816.91,,,64,678.53,35,1.2,64,EA,  N,
10,28,"Sheet  Metal, Prefab. Duct",7-406AD,7-406AD,"DAMPER,COLLAR,ROUND,7""",NWA1B,   A,   A,EA,9.9708,107,1066.87,,,,,,,107,1066.87,,,120,1479.51,35,0.94,120,EA,  N,
10,28,"Sheet  Metal, Prefab. Duct",7-500-0,7-500-0,"PIPE,OVAL,7""X60""",NWW6,   A,   A,EA,13.2613,178,2360.51,,,,,,,178,2360.51,,,100,1616,35,5.4,100,EA,  N,
10,28,"Sheet  Metal, Prefab. Duct",7-502-0F,7-502-0F,"ELBOW,OVAL,FLAT,7""",NWA4D,   A,   C,EA,7.08,25,177,,,,,,,25,177,,,,,35,1.06,,EA,  N,
10,28,"Sheet  Metal, Prefab. Duct",7-503-0F,7-503-0F,"7"" FLAT OVAL ANGLE",NWA4E,   A,   C,EA,6.5827,24,157.98,,,,,,,24,157.98,,,12,93.48,35,0.65,12,EA,  N,
10,28,"Sheet  Metal, Prefab. Duct",7-505-NC,7-505-NC,"7"" #505 RD\OVAL 90* BOOT",NWA4A,   A,   A,EA,5.1421,22,113.12,12,61.7,,,,,22,113.12,,,15,116.69,35,1.27,15,EA,  N,
10,28,"Sheet  Metal, Prefab. Duct",7-513-0,7-513-0,"7"" OVAL COLLAR W/CRIMP",,   A,   C,EA,2.0265,,,24,48.63,24,48.63,,,,,,,,,35,0,,EA,,
10,28,"Sheet  Metal, Prefab. Duct",7-801,7-801,"ALUM FLEX 7"" X 8' LG",,   A,   C,EA,14.6873,4,58.74,,,,,,,4,58.74,,,,,35,0,,EA,,
10,28,"Sheet  Metal, Prefab. Duct",7X4-311P,7X4-311P,7X4 GALVANIZED PLAIN REDUCER,NWA6A,   A,   E,EA,5.2,12,62.4,,,,,,,12,62.4,,,,,35,0.6,,EA,  N,
10,28,"Sheet  Metal, Prefab. Duct",7X5-311P,7X5-311P,7X5 GALVANIZED PLAIN REDUCER,NWA6A,   A,   A,EA,5.5777,24,133.86,,,,,,,24,133.86,,,12,80.64,35,0.72,12,EA,  N,
10,28,"Sheet  Metal, Prefab. Duct",7X6-311P,7X6-311P,7X6 GALVANIZED PLAIN REDUCER,NWA6A,   A,   A,EA,5.5777,33,184.06,,,,,,,33,184.06,,,87,590.52,35,0.77,87,EA,  N,
10,28,"Sheet  Metal, Prefab. Duct",7X7X7-306ST,7X7X7-306ST,"7X7X7 TAPERED FLUE WYE 24"" PIP",NWW6,   A,   E,EA,24.09,12,289.08,,,,,,,12,289.08,,,,,35,3.5,,EA,  N,
10,28,"Sheet  Metal, Prefab. Duct",8-161A,8-161A,"8"" #161A TOP TAKEOFF W\ ADHESI",NWA1D,   A,   E,EA,9.54,12,114.48,,,,,,,12,114.48,,,,,35,1.2,,EA,  N,
10,28,"Sheet  Metal, Prefab. Duct",8-200SD,8-200SD,"8"" S/D TRUNK REDUCER FOR 8""",NWA6F,   A,   E,EA,6.8,24,163.2,,,,,,,24,163.2,,,,,35,1.46,,EA,  N,
10,28,"Sheet  Metal, Prefab. Duct",8-400A,8-400A,"TAKEOFF,AIRTITE,FLAT,""8",NWA1D,   A,   C,EA,6.24,33,205.92,,,,,,,33,205.92,,,,,35,1.14,33,EA,  N,
10,28,"Sheet  Metal, Prefab. Duct",8-400AD,8-400AD,"TAKEOFF,AIRTITE,FLAT,W/DAMP,8""",NWA1A,   A,   A,EA,9.2929,126,1170.9,,,,,3,27.87,123,1143.02,,,80,908.79,35,1.37,80,EA,  N,
10,28,"Sheet  Metal, Prefab. Duct",8-406AD,8-406AD,"8"" RND ADH SADDLE STYLE",NWA1C,   A,   A,EA,10.9127,135,1473.21,,,,,2,21.82,133,1451.38,,,104,1378.8,35,1.06,104,EA,  N,
10,28,"Sheet  Metal, Prefab. Duct",8-500-0,8-500-0,"8"" X 60"" OVAL PIPE",NWW6,   A,   A,EA,14.2463,108,1538.6,,,,,,,108,1538.6,,,41,688.71,35,6,41,EA,  N,
10,28,"Sheet  Metal, Prefab. Duct",8-501-0,8-501-0,"8"" X 100"" OVAL PIPE",NWW6,   A,   A,EA,15.7743,76,1198.84,,,,,,,76,1198.84,,,26,514.22,35,9.15,26,EA,  N,
10,28,"Sheet  Metal, Prefab. Duct",8-502-0,8-502-0,"8"" VERTICAL OVAL ELBOW 90*",NWA4A,   A,   B,EA,6.1114,71,433.9,,,,,,,71,433.9,,,2,18.18,35,1.05,26,EA,  N,
10,28,"Sheet  Metal, Prefab. Duct",8-502-0F,8-502-0F,"8"" FLAT OVAL ELBOW",NWA4D,   A,   B,EA,7.9991,23,183.97,,,,,,,23,183.97,,,,,35,1.82,,EA,  N,
10,28,"Sheet  Metal, Prefab. Duct",8-503-0,8-503-0,"8"" VERTICAL OVAL ANGLE 45*",NWA4B,   A,   B,EA,5.0252,20,100.5,,,,,,,20,100.5,,,5,36.27,35,0.75,5,EA,  N,
10,28,"Sheet  Metal, Prefab. Duct",8-503-0F,8-503-0F,"8"" FLAT OVAL ANGLE",NWA4E,   A,   C,EA,8.5616,16,136.98,,,,,,,16,136.98,,,,,35,0.69,,EA,  N,
10,28,"Sheet  Metal, Prefab. Duct",8-505-NC,8-505-NC,"8"" #505 RD/OVAL 90* BOOT",NWA4A,   A,   B,EA,7.0541,18,126.97,,,,,,,18,126.97,,,6,68.27,35,1.46,6,EA,  N,
10,28,"Sheet  Metal, Prefab. Duct",8-513-0,8-513-0,"8"" OVAL COLLAR W/CRIMP",,   A,   C,EA,2.2291,,,24,53.49,24,53.49,,,,,,,,,35,0,,EA,,
10,28,"Sheet  Metal, Prefab. Duct",8-801,8-801,"ALUM FLEX 8"" X 8' LG",,   A,   D,EA,15.1119,3,45.33,,,,,,,3,45.33,,,1,22.37,35,0,1,EA,,
10,28,"Sheet  Metal, Prefab. Duct",8X10-200SD,8X10-200SD,"8"" S/D TRUNK REDUCER FOR 10""",NWA6F,   A,   E,EA,6.92,12,83.04,,,,,,,12,83.04,,,,,35,1.6,,EA,  N,
10,28,"Sheet  Metal, Prefab. Duct",8X12-200SD,8X12-200SD,"8"" S/D TRUNK REDUCER FOR 12""",NWA6G,   A,   E,EA,6.92,12,83.04,,,,,,,12,83.04,,,,,35,1.5,,EA,  N,
10,28,"Sheet  Metal, Prefab. Duct",8X5-311P,8X5-311P,8X5 GALVANIZED PLAIN REDUCER,NWA6B,   A,   E,EA,6.17,12,74.04,,,,,,,12,74.04,,,,,35,0.98,,EA,  N,
10,28,"Sheet  Metal, Prefab. Duct",8X8-120SD-ND,8X8-120SD-ND,8X8 S/D SW TRUNK ELBOW  SQR TH,NWA5A,   A,   C,EA,16.034,4,64.13,4,64.13,,,,,4,64.13,,,4,97.48,35,2.2,4,EA,  N,
10,28,"Sheet  Metal, Prefab. Duct",8X8-121SD-ND,8X8-121SD-ND,8X8 S/D SW TRUNK ANGLE - SQR,NWA5C,   A,   E,EA,9.9,4,39.6,,,,,,,4,39.6,,,,,35,1.5,,EA,  N,
10,28,"Sheet  Metal, Prefab. Duct",8X8-141SD,8X8-141SD,"8X8,S/D,STRAIGHT,START,COLLAR",NWA6C,   A,   E,EA,5.84,5,29.2,,,,,,,5,29.2,,,,,35,0.92,,EA,  N,
10,28,"Sheet  Metal, Prefab. Duct",8X8-187SETSD,8X8-187SETSD,8X8 S/D SET-IN CAP,NWA6B,   A,   C,EA,3.912,12,46.94,,,,,,,12,46.94,,,4,25.76,35,0.48,4,EA,  N,
10,28,"Sheet  Metal, Prefab. Duct",8X8-70,8X8-70,"8X8,S/D DUCT TO DUCT CANVAS",NWA6D,   A,   E,EA,15.62,2,31.24,,,,,,,2,31.24,,,,,35,1.11,,EA,  N,
10,28,"Sheet  Metal, Prefab. Duct",8X8X12-320NO,8X8X12-320NO,"BLANK BOX 8X8 12"" DEEP",,   A,   B,EA,14.3013,,,,,,,,,,,,,12,216.84,35,0,12,EA,,
10,28,"Sheet  Metal, Prefab. Duct",8X8X5-320S,8X8X5-320S,"8X8X5,#320S,SIDE,OUTLET,BOX",NWA2B,   A,   B,EA,8.1832,30,245.49,,,,,,,30,245.49,,,4,45.24,35,1.35,4,EA,  N,
10,28,"Sheet  Metal, Prefab. Duct",8X8X5-320T,8X8X5-320T,"8X8X5,#320T,TOP,DIFFUSER,BOX",NWA2A,   A,   C,EA,8.0004,43,344.01,,,,,,,43,344.01,,,2,21.98,35,1.35,2,EA,  N,
10,28,"Sheet  Metal, Prefab. Duct",8X8X6-320S,8X8X6-320S,8X8X6 #320S SIDE OUTLET BOX,NWA2B,   A,   A,EA,7.7928,23,179.23,,,,,,,23,179.23,,,7,78.89,35,1.64,7,EA,  N,
10,28,"Sheet  Metal, Prefab. Duct",8X8X6-532S,8X8X6-532S,"8X8X6 OVAL SO BOX - 9"" COLLAR",NWA4D,   A,   A,EA,10.6309,13,138.2,,,,,,,13,138.2,,,,,35,1.4,,EA,  N,
10,28,"Sheet  Metal, Prefab. Duct",8X8X60-125SD50,8X8X60-125SD50,"8X8 60"" UNBOXED S/D TRUNK DUCT",NWW6,   A,   A,EA,14.93,25,373.25,50,746.5,,,,,25,373.25,,,12,287.52,35,12,12,EA,  N,
10,28,"Sheet  Metal, Prefab. Duct",8X8X7-320S,8X8X7-320S,"8X8X7,#320S,SIDE,OUTLET,BOX",NWA2B,   A,   B,EA,7.8168,20,156.33,,,,,,,20,156.33,,,11,122.65,35,1.52,11,EA,  N,
10,28,"Sheet  Metal, Prefab. Duct",8X8X7-320T,8X8X7-320T,8X8X7 #320T TOP OUTLET DIFF,NWA2A,   A,   B,EA,7.7282,11,85.01,,,,,6,46.36,5,38.64,,,40,415.74,35,1.37,16,EA,  N,
10,28,"Sheet  Metal, Prefab. Duct",8X8X8-306ST,8X8X8-306ST,"8X8X8 TAPERED FLUE WYE24"" PIPE",NWW6,   A,   E,EA,27.44,11,301.84,,,,,,,11,301.84,,,,,35,4,,EA,  N,
10,28,"Sheet  Metal, Prefab. Duct",8X8X8-320S,8X8X8-320S,"8X8X8,#320S,SIDE,OUTLET,BOX",NWA2B,   A,   C,EA,7.745,21,162.64,,,,,,,21,162.64,,,,,35,1.63,,EA,  N,
10,28,"Sheet  Metal, Prefab. Duct",8X8X8-320T,8X8X8-320T,"8X8X8,#320T,TOP,DIFFUSER,BOX",NWA2A,   A,   C,EA,7.5526,24,181.26,7,52.86,,,3,22.65,21,158.6,,,1,10.74,35,1.37,1,EA,  N,
10,32,Sheet  Metal Hardware & Access.,10-304-15,10-304-15,"10"" GALV PIPE STYLE TEE -",NWW4,   A,   E,EA,25.42,2,50.84,,,,,,,2,50.84,,,,,35,2.92,,EA,  N,
10,32,Sheet  Metal Hardware & Access.,10-313FGD,10-313FGD,"10"" GALV CLR 6"" LONG W/CRIMP &",NWA1A,   A,   A,EA,8.5658,50,428.29,,,,,,,50,428.29,,,14,161.98,35,1.44,14,EA,  N,
10,32,Sheet  Metal Hardware & Access.,10-329,10-329,"10"" FRESH AIR INTAKE",NWA5C,   A,   E,EA,32.69,6,196.14,,,,,,,6,196.14,,,,,35,2.5,,EA,  N,
10,32,Sheet  Metal Hardware & Access.,10X10X75-320NO,10X10X75-320NO,10X10 CEILING BOX W/ NO OUTLET,NWA2C,   A,   B,EA,12.24,6,73.44,6,73.44,,,,,6,73.44,,,,,35,1.74,,EA,  N,
10,32,Sheet  Metal Hardware & Access.,12-304-18,12-304-18,"12"" GALV PIPE STYLE TEE -",NWW4,   A,   E,EA,31.46,2,62.92,,,,,,,2,62.92,,,,,35,4.1,,EA,  N,
10,32,Sheet  Metal Hardware & Access.,12-313FGD,12-313FGD,"12"" GALV CLR 6"" LONG W/CRIMP &",NWA1A,   A,   A,EA,11.163,30,334.89,,,,,,,30,334.89,,,3,44.79,35,1.64,3,EA,  N,
10,32,Sheet  Metal Hardware & Access.,12X12X75-320NO,12X12X75-320NO,12X12 CEILING BOX W/ NO OUTLET,NWA2C,   A,   C,EA,15.9097,6,95.45,,,,,,,6,95.45,,,,,35,2.16,,EA,  N,
10,32,Sheet  Metal Hardware & Access.,120-324S-1,120-324S-1,"CLEAT,1 BAR,120""",NWW6,   A,   B,EA,8.2744,130,1075.67,,,,,,,130,1075.67,,,10,142.5,35,0.01,10,EA,  N,
10,32,Sheet  Metal Hardware & Access.,14-304-18,14-304-18,"14"" #304  18"" GALV TEE -",NWW4,   A,   C,EA,43.1451,2,86.29,,,,,,,2,86.29,,,,,35,4.71,,EA,  N,
10,32,Sheet  Metal Hardware & Access.,14-313FGD,14-313FGD,"14"" GALV CLR 6"" LONG W/CRIMP &",NWA1A,   A,   B,EA,13.0733,13,169.95,,,,,,,13,169.95,,,13,207.21,35,2.09,13,EA,  N,
10,32,Sheet  Metal Hardware & Access.,14X14X75-320NO,14X14X75-320NO,14X14 CEILING BOX W/ NO OUTLET,NWA2C,   A,   C,EA,25.1891,15,377.83,,,,,,,15,377.83,,,3,122.13,35,2.67,3,EA,  N,
10,32,Sheet  Metal Hardware & Access.,4-313FGD,4-313FGD,"4"" GALV CLR 6"" LONG W/CRIMP &",NWA1B,   A,   B,EA,4.0773,43,175.32,,,,,,,43,175.32,,,30,153.84,35,0.4,30,EA,  N,
10,32,Sheet  Metal Hardware & Access.,4-329,4-329,"4"" #329 FRESH AIR INTAKE VENT",NWA5C,   A,   E,EA,15.73,6,94.38,,,,,,,6,94.38,,,,,35,1,,EA,  N,
10,32,Sheet  Metal Hardware & Access.,5-313FGD,5-313FGD,"5"" GALV CLR 6"" LONG W/CRIMP &",NWA1B,   A,   A,EA,4.1469,48,199.05,18,74.64,,,,,48,199.05,,,26,133.14,35,0.47,26,EA,  N,
10,32,Sheet  Metal Hardware & Access.,5-329,5-329,"5"" #329 FRESH AIR INTAKE",NWA5C,   A,   E,EA,17.13,6,102.78,,,,,,,6,102.78,,,,,35,1.05,,EA,  N,
10,32,Sheet  Metal Hardware & Access.,5-504-NC,5-504-NC,"5""#504 RND TO OVAL END BT",NWA4C,   A,   E,EA,8.97,12,107.64,,,,,,,12,107.64,,,,,35,0.67,,EA,  N,
10,32,Sheet  Metal Hardware & Access.,5-506-NC,5-506-NC,"5"" #506 RD TO OVAL NO CRIMP ST",NWA4B,   A,   C,EA,8.7797,20,175.59,,,,,,,20,175.59,,,,,35,0.81,,EA,  N,
10,32,Sheet  Metal Hardware & Access.,5-511-NC,5-511-NC,"5"" OVAL/OVAL REVERSE BOOT NO C",NWA4C,   A,   E,EA,9.9,12,118.8,,,,,,,12,118.8,,,,,35,0.81,,EA,  N,
10,32,Sheet  Metal Hardware & Access.,6-313FGD,6-313FGD,"6"" GALV CLR 6"" LONG W/CRIMP &",NWA1B,   A,   A,EA,4.1881,119,498.38,,,,,,,119,498.38,,,97,505.42,35,0.57,97,EA,  N,
10,32,Sheet  Metal Hardware & Access.,6-329,6-329,"FRESH,AIR,INTAKE,GALV,6""",NWA5C,   A,   D,EA,13.08,5,65.4,,,,,,,5,65.4,,,,,35,1.1,,EA,  N,
10,32,Sheet  Metal Hardware & Access.,6-504-NC,6-504-NC,"6"" #504 RD TO OVAL NO CRIMP",NWA4C,   A,   B,EA,5.6935,24,136.64,,,,,,,24,136.64,,,,,35,1.12,,EA,  N,
10,32,Sheet  Metal Hardware & Access.,6-506-NC,6-506-NC,"6"" #506-0 RD/OVAL STR. NO CRIM",NWA4B,   A,   A,EA,5.5708,27,150.41,,,,,,,27,150.41,,,,,35,1.06,,EA,  N,
10,32,Sheet  Metal Hardware & Access.,6-511-NC,6-511-NC,"6"" OVAL/OVAL REVERSE BOOT NO C",NWA4C,   A,   C,EA,10.6764,44,469.76,,,,,,,44,469.76,,,,,35,1.06,,EA,  N,
10,32,Sheet  Metal Hardware & Access.,6X6X75-320NO,6X6X75-320NO,6X6 CEILING BOX W/ NO OUTLET,NWA2C,   A,   E,EA,7.58,6,45.48,,,,,,,6,45.48,,,,,35,1,,EA,  N,
10,32,Sheet  Metal Hardware & Access.,7-313FGD,7-313FGD,"7"" GALV CLR 6"" LONG W/CRIMP &",NWA1B,   A,   A,EA,5.375,52,279.5,18,96.75,,,,,52,279.5,,,89,620.15,35,0.66,89,EA,  N,
10,32,Sheet  Metal Hardware & Access.,7-329,7-329,"7"" #329 FRESH AIR INTAKE",NWA5C,   A,   E,EA,20.38,6,122.28,,,,,,,6,122.28,,,,,35,1.6,,EA,  N,
10,32,Sheet  Metal Hardware & Access.,7-504-NC,7-504-NC,"7"" RD TO OVAL END BOOT",NWA4C,   A,   C,EA,7.25,7,50.75,12,87,,,6,43.5,1,7.25,,,2,27.74,35,1.1,2,EA,  N,
10,32,Sheet  Metal Hardware & Access.,7-506-NC,7-506-NC,"7"" #506 RND TO OVAL STR BOOT",NWA4B,   A,   A,EA,9.843,18,177.17,24,236.23,,,,,18,177.17,,,38,453.81,35,1.18,38,EA,  N,
10,32,Sheet  Metal Hardware & Access.,7-511-NC,7-511-NC,"7"" OVAL/OVAL REVERSE BOOT NO C",NWA4C,   A,   E,EA,12.5,35,437.5,,,,,,,35,437.5,,,,,35,1.18,,EA,  N,
10,32,Sheet  Metal Hardware & Access.,8-313FGD,8-313FGD,"8"" GALV CLR 6"" LONG W/CRIMP &",NWA1B,   A,   A,EA,6.5391,68,444.65,,,,,,,68,444.65,,,80,715.66,35,0.76,80,EA,  N,
10,32,Sheet  Metal Hardware & Access.,8-329,8-329,"8"" #329 FRESH AIR INTAKE",NWA5C,   A,   E,EA,20.38,6,122.28,,,,,,,6,122.28,,,,,35,2.1,,EA,  N,
10,32,Sheet  Metal Hardware & Access.,8-504-NC,8-504-NC,"8"" #504 RND/OVAL END BOOT",NWA4C,   A,   E,EA,16.34,12,196.08,,,,,,,12,196.08,,,,,35,1.3,,EA,  N,
10,32,Sheet  Metal Hardware & Access.,8-506-NC,8-506-NC,"8"" #506 RND/OVAL STR BOOT NO C",NWA4B,   A,   B,EA,12.5951,8,100.76,12,151.14,,,,,8,100.76,,,5,90.27,35,1.66,5,EA,  N,
10,32,Sheet  Metal Hardware & Access.,8-511-NC,8-511-NC,"8"" OVAL/OVAL REVERSE BOOT",NWA4C,   A,   E,EA,13.05,12,156.6,,,,,,,12,156.6,,,,,35,1.66,,EA,  N,
10,32,Sheet  Metal Hardware & Access.,8X8X6-320T,8X8X6-320T,8X8X6 #320T TOP CEILING BOX,NWA2A,   A,   A,EA,7.9765,6,47.85,24,191.43,7,55.83,6,47.85,,,,,31,327.17,35,1.36,19,EA,  N,
10,32,Sheet  Metal Hardware & Access.,8X8X75-320NO,8X8X75-320NO,8X8 CEILING BOX W/ NO OUTLET,NWA2C,   A,   B,EA,8.1253,23,186.88,,,,,,,23,186.88,,,1,12.95,35,1.35,1,EA,  N,
10,32,Sheet  Metal Hardware & Access.,96-DRIVE,96-DRIVE,"CLEAT,DRIVE,96""",NWW6,   A,   A,EA,2.6034,142,369.68,300,781.02,,,,,142,369.68,,,262,1039.34,35,0.01,242,EA,  N,
10,32,Sheet  Metal Hardware & Access.,96-324,96-324,"CLEAT,S,SLIP,96""",NWW6,   A,   A,EA,3.6135,328,1185.22,,,,,,,328,1185.22,,,127,662.1,35,0.01,107,EA,  N,
10,38,Duct  Board & Accessories,10X6X6-5070,10X6X6-5070,10 X 6 X 6 OVAL STACKHEAD,NWA4A,   A,   A,EA,5.2983,31,164.24,,,,,,,31,164.24,,,37,282.7,35,1.53,37,EA,  N,
10,38,Duct  Board & Accessories,12X8-122SD,12X8-122SD,"DUCT,ELBOW,90,HORIZ,12""X8""",NWA5B,   A,   C,EA,17.442,10,174.42,,,,,,,10,174.42,,,,,35,4.36,,EA,  N,
10,99,Non-Stock,10X3X100-124,10X3X100-124,WALL STACK,,   A,   D,EA,30.114,,,,,,,,,,,,,,,35,0.05,,EA,  N,
10,99,Non-Stock,10X3X6-101,10X3X6-101,BASE BOARD STACK HEAD,,   A,   D,EA,7.035,,,,,,,,,,,,,,,35,0.05,,EA,  N,
10,99,Non-Stock,10X3X6-104,10X3X6-104,SIDE WALL STACK HEAD,,   A,   D,EA,10.133,,,,,,,,,,,,,,,35,0.05,,EA,  N,
10,99,Non-Stock,10X3X6-113S,10X3X6-113S,90 DEGREE STACK BOOT,,   A,   D,EA,4.662,,,,,,,,,,,,,,,35,0.05,,EA,  N,
10,99,Non-Stock,12-328,12-328,"12"" galv dryer vent #328",,   A,   C,EA,49.2053,,,,,,,,,,,,,,,35,0,,EA,,
10,99,Non-Stock,12X12X7.5-320NO,12X12X7.5-320NO,"BOX,CEILING,NO OPEN,12X12",,   A,   E,EA,9.75,,,,,,,,,,,,,,,35,0,,EA,,
10,99,Non-Stock,1320X16520-TBF4,1320X16520-TBF4,"PLENUM,TRANSITION,A-->B",,   A,   E,EA,9.9,,,,,,,,,,,,,,,35,0,,EA,,
10,99,Non-Stock,1320X16520-1301,1320X16520-1301,"TRANSITION,STRAIGHT, A-->B",,   A,   E,EA,9.6,,,,,,,,,,,,,,,35,0,,EA,,
10,99,Non-Stock,14X14X7.5-320NO,14X14X7.5-320NO,"BOX,CEILING,NO OPEN,14X14",NWA2C,   A,   E,EA,26.46,,,,,,,,,,,,,,,35,0,,EA,,
10,99,Non-Stock,16520X2020-TBF4,16520X2020-TBF4,"PLENUM,TRANSITION, B-->C",,   A,   E,EA,7.62,,,,,,,,,,,,,,,35,0,,EA,,
10,99,Non-Stock,16520X2020-1301,16520X2020-1301,"TRANSITION,STRAIGHT,B-->C",,   A,   E,EA,0.0001,,,,,,,,,,,,,,,35,0,,EA,,
10,99,Non-Stock,2320X2020-1301,2320X2020-1301,"TRANSITION,STRAIGHT, C-->D",,   A,   E,EA,0.0001,,,,,,,,,,,,,,,35,0,,EA,,
10,99,Non-Stock,24102025-SDKA-5,24102025-SDKA-5,RETURN BOOT KIT 24X10 20X25X5,,   A,   B,EA,179.82,,,,,,,,,,,,,,,35,0,,EA,,
10,99,Non-Stock,320T8X8X7,8X8X7-320T,"OUTLET,CEILINGTOP,8X8X7",,   A,   A,EA,4.56,,,,,,,,,,,,,,,35,0,,EA,,
10,99,Non-Stock,4-26-300,4-26-300,"PIPE,RND,SNAPLOCK,24X4"",26GA",,   A,   E,EA,2.46,,,,,,,,,,,,,,,35,1.18,,EA,,
10,99,Non-Stock,4-26-302-GRAY,4-26-302,"ELBOW,90,ADJ,4"",26 GAUGE",,   A,   E,EA,1.8,,,,,,,,,,,,,,,35,0,,EA,,
10,99,Non-Stock,5-26-302,5-26-302,"ELBOW,SMOKE,26GA, 5""",,   A,   E,EA,2.05,,,,,,,,,,,,,,,35,0,,EA,,
10,99,Non-Stock,6-26-300,6-26-300,"PIPE,RND,SNAPLOCK,24X6"",26GA",,   A,   E,EA,3.01,,,,,,,,,,,,,,,35,0,,EA,,
10,99,Non-Stock,6-26-302,6-26-302,"ELBOW,SMOKE,26GA, 6""",,   A,   E,EA,2.059,,,,,,,,,,,,,,,35,0,,EA,,
10,99,Non-Stock,6-502-0F-GRAY,6-502-0F,"ELBOW,OVAL,90 DEG,FLAT,6""",,   A,   E,EA,2.33,,,,,,,,,,,,,,,35,0,,EA,,
10,99,Non-Stock,6-503-0-GRAY,6-503-0,"ELBOW,OVAL,45 DEG,VERT,6""",,   A,   E,EA,1.76,,,,,,,,,,,,,,,35,0,,EA,,
10,99,Non-Stock,7-26-300,7-26-300,"PIPE,RND,SNAPLOCK,7""X24"",26GA",,   A,   E,EA,3.66,,,,,,,,,,,,,,,35,2.99,,EA,,
10,99,Non-Stock,7-30-301GRAY,7-30-301,"PIPE,RND,SNAPLOCK,7""X60"",30GA",,   A,   E,EA,5.48,,,,,,,,,,,,,,,35,0,,EA,,
10,99,Non-Stock,7-313LE,7-313LE,"COLLAR,START,7"",NO CRIMP",,   A,   D,EA,0.882,,,,,,,,,,,,,,,35,1,,EA,  N,
10,99,Non-Stock,8-502-OF,8-502-OF,"ELBOW,FLAT OVAL 90,8""",,   A,   E,EA,5.64,,,,,,,,,,,,,,,35,0,,EA,,